,Discussion,Entertainment,Educational,Technology,Humor,Other,Lifestyle,Defunct,General,Hobbies/Occupations,Animals,NSFW
0,0.08,0.25,0.1,0.05,0.06,0.11,0.19,0.01,0.01,0.11,0.02,0.0
1,0.11,0.12,0.37,0.03,0.03,0.17,0.1,0.01,0.02,0.05,0.0,0.0
2,0.07,0.32,0.07,0.2,0.09,0.14,0.05,0.0,0.0,0.05,0.01,0.0
3,0.09,0.21,0.12,0.11,0.02,0.16,0.04,0.04,0.05,0.02,0.04,0.12
4,0.04,0.44,0.07,0.0,0.12,0.14,0.07,0.0,0.02,0.05,0.05,0.0
5,0.06,0.23,0.13,0.1,0.02,0.08,0.23,0.0,0.0,0.13,0.02,0.0
6,0.1,0.31,0.02,0.1,0.02,0.08,0.29,0.0,0.0,0.04,0.0,0.02
7,0.07,0.3,0.03,0.03,0.07,0.2,0.1,0.0,0.03,0.13,0.03,0.0
8,0.12,0.04,0.2,0.08,0.04,0.04,0.32,0.04,0.0,0.12,0.0,0.0
9,0.04,0.44,0.0,0.0,0.2,0.28,0.04,0.0,0.0,0.0,0.0,0.0
10,0.0,0.33,0.2,0.2,0.0,0.07,0.07,0.07,0.0,0.07,0.0,0.0
