Community,Discussion,Entertainment,Educational,Technology,Humor,Other,Lifestyle,Defunct,General,Hobbies/Occupations,Animals,NSFW,
0,0.06,0.29,0.03,0.03,0.1,0.19,0.1,0,0.03,0.13,0.03,0,0.29
1,0.06,0.28,0.09,0.09,0.02,0.09,0.23,0,0,0.11,0.02,0,0.28
2,0.05,0.33,0.09,0.04,0.13,0.11,0.09,0.02,0.03,0.03,0.01,0.07,0.33
3,0.04,0.41,0,0,0.26,0.26,0.04,0,0,0,0,0,0.41
4,0.11,0.05,0.37,0.03,0,0.21,0.12,0.01,0.02,0.05,0.03,0,0.37
5,0.15,0,0.23,0.23,0,0.23,0.08,0,0,0,0.08,0,0.23
6,0,0.33,0.2,0.2,0,0.07,0.07,0.07,0,0.07,0,0,0.33
7,0.07,0.24,0.13,0.06,0.02,0.1,0.21,0.01,0.01,0.12,0.02,0,0.24
8,0.05,0.38,0.03,0.25,0.08,0.15,0.03,0,0,0.02,0,0,0.38
9,0.09,0.47,0.09,0,0.15,0.12,0,0,0.03,0.06,0,0,0.47
10,0.14,0.1,0.14,0.05,0.1,0.14,0.14,0,0,0.14,0.05,0,0.14
11,0.1,0.27,0.04,0.08,0.02,0.08,0.31,0.02,0,0.06,0,0.02,0.31