Id,Label,Category,Clustering Coefficient (Unweighted),Clustering Coefficient (Weighted),Degree Centrality (Unweighted),Degree Centrality (Weighted),Eigenvector Centrality (Unweighted),Eigenvector Centrality (Weighted),Closeness Centrality (Unweighted),Closeness Centrality (Weighted),Betweenness Centrality (Unweighted),Betweenness Centrality (Weighted),greedy_community_unweighted,greedy_community_weighted,louvain_community_weighted
0,"""depression""",Discussion,1,0.029501177,0.028231798,0.00139747,0.001985645,0.004115892,0.507159005,0.53450943,0,0,7,7,0
1,"""NFL_Draft""",Entertainment,1,0.03339759,0.007429421,0.000367755,0.002924546,0.004916778,0.50186428,0.528414128,0,0,2,0,7
2,"""RepLadies""",Discussion,1,0.029655622,0.069836553,0.003456899,0.008216327,0.013435758,0.518090839,0.543837337,0,0,5,5,1
3,"""ESFP""",Discussion,0.498039216,0.018243311,0.075780089,0.004633716,0.006516328,0.023091863,0.51969112,0.826935276,0.000499317,0.000376999,4,6,11
4,"""UBC""",Educational,0.575483871,0.017871034,0.185735513,0.009708738,0.103003119,0.098962098,0.551187551,0.894235155,0.004624508,0.002250938,1,1,4
5,"""csMajors""",Educational,1,0.03196001,0.004457652,0.000220653,0.001637881,0.003468483,0.501116902,0.528009425,0,0,0,5,1
6,"""LiverpoolFC""",Entertainment,1,0.030185346,0.023774146,0.001176817,0.005784868,0.007366716,0.506015038,0.532367162,0,0,1,10,6
7,"""Stadia""",Technology,1,0.033372891,0.008915305,0.000441306,0.001986905,0.004268412,0.502238806,0.528379556,0,0,0,0,7
8,"""thanosdidnothingwrong""",Entertainment,1,0.029638104,0.092124814,0.004560165,0.015845069,0.022949492,0.524143302,0.549708819,0,0,3,2,8
9,"""darksouls3""",Entertainment,1,0.029702278,0.053491828,0.002647838,0.008332376,0.010526862,0.513740458,0.539486832,0,0,8,4,9
10,"""askgaybros""",Discussion,1,0.029655622,0.069836553,0.003456899,0.008216327,0.013435758,0.518090839,0.543837337,0,0,5,5,1
11,"""Memes_Of_The_Dank""",Humor,1,0.030460263,0.03268945,0.001618123,0.009133354,0.011872416,0.508308157,0.533921164,0,0,0,1,2
12,"""emulation""",Technology,1,0.031519132,0.020802377,0.001029715,0.003504275,0.0073802,0.505255255,0.531321782,0,0,4,6,11
13,"""EMDR""",Discussion,1,0.030687123,0.023774146,0.001176817,0.005037608,0.008775502,0.506015038,0.532379548,0,0,0,0,7
14,"""unpopularopinion""",Discussion,0.557315234,0.017478817,0.077265973,0.004045307,0.011855166,0.025481349,0.520092736,0.82364615,0.000977114,0.000411271,2,0,9
15,"""LawCanada""",Educational,1,0.029734867,0.135215453,0.006693145,0.100236933,0.080035792,0.53625498,0.555940724,0,0,1,1,4
16,"""CallHerDaddy""",Entertainment,1,0.037122169,0.008915305,0.000441306,0.004215103,0.007264397,0.502238806,0.528495491,0,0,0,0,7
17,"""newzealand""",Other,1,0.034698324,0.007429421,0.000367755,0.00293426,0.004846823,0.50186428,0.528137678,0,0,0,0,7
18,"""Hijabis""",Lifestyle,1,0.030685887,0.005943536,0.000294204,0.00161348,0.003444985,0.501490313,0.528424006,0,0,3,0,7
19,"""aznidentity""",Discussion,1,0.029500811,0.041604755,0.002059429,0.003862023,0.005940631,0.510622155,0.537998957,0,0,9,9,3
20,"""spelunky""",Entertainment,1,0.029702278,0.053491828,0.002647838,0.008332376,0.010526862,0.513740458,0.539486832,0,0,8,4,9
21,"""arcticmonkeys""",Entertainment,1,0.031509483,0.014858841,0.00073551,0.003381151,0.00678209,0.503742515,0.530393583,0,0,0,4,7
22,"""ufc""",Entertainment,1,0.029734867,0.135215453,0.006693145,0.100236933,0.080035792,0.53625498,0.555940724,0,0,1,1,4
23,"""CanadianMOMs""",Defunct,1,0.034321012,0.011887073,0.000588408,0.003215061,0.006737232,0.502989537,0.529093993,0,0,4,0,11
24,"""FoodPorn""",Lifestyle,0.583333333,0.023423432,0.013372957,0.00073551,0.00440022,0.010867076,0.503365744,0.717408704,3.32E-05,6.63E-06,3,0,7
25,"""aggies""",Educational,1,0.030460263,0.03268945,0.001618123,0.009133354,0.011872416,0.508308157,0.533921164,0,0,0,1,2
26,"""physicshomework""",Educational,0.865594723,0.027195145,0.147102526,0.007943513,0.10137048,0.092150637,0.539695269,0.740939081,0.00027727,0.000157875,1,1,4
27,"""Xboxnews""",Entertainment,1,0.029638104,0.092124814,0.004560165,0.015845069,0.022949492,0.524143302,0.549708819,0,0,3,2,8
28,"""Wealthsimple_Trade""",Educational,1,0.030460263,0.03268945,0.001618123,0.009133354,0.011872416,0.508308157,0.533921164,0,0,0,1,2
29,"""Kaiserposting""",Humor,1,0.029500811,0.041604755,0.002059429,0.003862023,0.005940631,0.510622155,0.537998957,0,0,9,9,3
30,"""ghostoftsushima""",Entertainment,1,0.030559102,0.013372957,0.000661959,0.003015271,0.004737554,0.503365744,0.529741151,0,0,0,4,2
31,"""infertility""",Educational,1,0.029914855,0.035661218,0.001765225,0.004283411,0.00847427,0.509077156,0.535372342,0,0,10,8,7
32,"""qatar""",Other,0.960729313,0.029265054,0.138187221,0.007134451,0.100469125,0.086181543,0.537110934,0.736781887,9.19E-05,0,1,1,4
33,"""learnprogramming""",Technology,0.522496372,0.016329999,0.078751857,0.004045307,0.01362483,0.024862133,0.520494973,0.824992364,0.001172617,0.000740731,0,3,2
34,"""SmallYTChannel""",Entertainment,1,0.03196001,0.004457652,0.000220653,0.001637881,0.003468483,0.501116902,0.528009425,0,0,0,5,1
35,"""anesthesiology""",Educational,1,0.029734867,0.135215453,0.006693145,0.100236933,0.080035792,0.53625498,0.555940724,0,0,1,1,4
36,"""Speedskating""",Entertainment,1,0.030314906,0.049034175,0.002427184,0.008532212,0.014245049,0.512566641,0.536628614,0,0,2,0,7
37,"""powerlifting""",Lifestyle,1,0.030804082,0.022288262,0.001103266,0.004843045,0.007024287,0.505634861,0.53121858,0,0,0,0,2
38,"""incremental_games""",Entertainment,1,0.031014599,0.020802377,0.001029715,0.005785744,0.008796781,0.505255255,0.531650569,0,0,1,0,7
39,"""Dentistry""",Educational,0.792499524,0.024440177,0.153046062,0.008090615,0.101411353,0.099125505,0.541432019,0.888040335,0.001387516,0.000544677,3,0,4
40,"""software""",Educational,1,0.030207662,0.029717682,0.001471021,0.005131465,0.008773211,0.507541478,0.533899986,0,0,0,3,2
41,"""NelkFilmz""",Entertainment,1,0.029655622,0.069836553,0.003456899,0.008216327,0.013435758,0.518090839,0.543837337,0,0,5,5,1
42,"""AppleMusic""",Entertainment,1,0.029638104,0.092124814,0.004560165,0.015845069,0.022949492,0.524143302,0.549708819,0,0,3,2,8
43,"""pcmasterrace""",Technology,0.718994224,0.021924448,0.161961367,0.008311268,0.10126395,0.090080241,0.544058205,0.835230985,0.002267189,0.00117743,1,1,4
44,"""TeenAmIUgly""",General,1,0.032410902,0.02526003,0.001250368,0.012489089,0.012987632,0.506395786,0.531466785,0,0,2,1,4
45,"""singapore""",Other,1,0.029734867,0.135215453,0.006693145,0.100236933,0.080035792,0.53625498,0.555940724,0,0,1,1,4
46,"""gradadmissions""",Educational,0.921164614,0.027765694,0.14115899,0.007134451,0.100479614,0.086481098,0.537969624,0.737074597,0.000441366,0.000225536,1,1,4
47,"""DunderMifflin""",Entertainment,1,0.030207662,0.029717682,0.001471021,0.005131465,0.008773211,0.507541478,0.533899986,0,0,0,3,2
48,"""Flights""",Hobbies/Occupations,0.786206897,0.024187852,0.044576523,0.002280082,0.008601383,0.014826517,0.511398176,0.723190537,0.000159051,0.000106135,6,2,10
49,"""AlexeiIsAlive""",Other,1,0.029500811,0.041604755,0.002059429,0.003862023,0.005940631,0.510622155,0.537998957,0,0,9,9,3
50,"""crime""",Other,1,0.029805327,0.047548291,0.002353633,0.00503026,0.008509573,0.51217656,0.537970287,0,0,0,3,2
51,"""Healthygamergg""",Entertainment,1,0.029702278,0.053491828,0.002647838,0.008332376,0.010526862,0.513740458,0.539486832,0,0,8,4,9
52,"""hoi4""",Entertainment,1,0.029500811,0.041604755,0.002059429,0.003862023,0.005940631,0.510622155,0.537998957,0,0,9,9,3
53,"""conspiracy""",Other,1,0.029655622,0.069836553,0.003456899,0.008216327,0.013435758,0.518090839,0.543837337,0,0,5,5,1
54,"""FreeGamesOnSteam""",Entertainment,1,0.030314906,0.049034175,0.002427184,0.008532212,0.014245049,0.512566641,0.536628614,0,0,2,0,7
55,"""anticentrism""",Humor,1,0.029500811,0.041604755,0.002059429,0.003862023,0.005940631,0.510622155,0.537998957,0,0,9,9,3
56,"""GameTheorists""",Discussion,1,0.029638104,0.092124814,0.004560165,0.015845069,0.022949492,0.524143302,0.549708819,0,0,3,2,8
57,"""resumes""",Educational,0.571316614,0.017590665,0.130757801,0.006766696,0.018286178,0.038224642,0.534976153,0.835261474,0.00228921,0.001370905,3,2,8
58,"""Dreams""",Lifestyle,1,0.030687123,0.023774146,0.001176817,0.005037608,0.008775502,0.506015038,0.532379548,0,0,0,0,7
59,"""cats""",Animals,0.532976827,0.017746978,0.050520059,0.002721389,0.009629447,0.023053415,0.512957317,0.819301135,0.000398604,0.000163624,0,3,2
60,"""digitalfoundry""",Entertainment,1,0.029638104,0.092124814,0.004560165,0.015845069,0.022949492,0.524143302,0.549708819,0,0,3,2,8
61,"""learn_arabic""",Educational,1,0.031026995,0.031203566,0.001544572,0.010236923,0.013310611,0.507924528,0.533497916,0,0,2,3,5
62,"""Witcher3""",Entertainment,1,0.034321012,0.011887073,0.000588408,0.003215061,0.006737232,0.502989537,0.529093993,0,0,4,0,11
63,"""laptops""",Technology,1,0.029411765,0.004457652,0.000220653,0.001564971,0.003339044,0.501116902,0.528216634,0,0,0,0,7
64,"""UofC""",Educational,1,0.033372891,0.008915305,0.000441306,0.001986905,0.004268412,0.502238806,0.528379556,0,0,0,0,7
65,"""TheYouShow""",Other,1,0.029501177,0.028231798,0.00139747,0.001985645,0.004115892,0.507159005,0.53450943,0,0,7,7,0
66,"""patientgamers""",Entertainment,1,0.029638104,0.092124814,0.004560165,0.015845069,0.022949492,0.524143302,0.549708819,0,0,3,2,8
67,"""Cooking""",Lifestyle,1,0.036763332,0.007429421,0.000367755,0.003090998,0.006203924,0.50186428,0.528436209,0,0,6,0,7
68,"""RandomActsOfMuffDive""",NSFW,1,0.029805327,0.047548291,0.002353633,0.00503026,0.008509573,0.51217656,0.537970287,0,0,0,3,2
69,"""shittyfoodporn""",Lifestyle,1,0.031014599,0.020802377,0.001029715,0.005785744,0.008796781,0.505255255,0.531650569,0,0,1,0,7
70,"""seoul""",Other,1,0.051368743,0.004457652,0.000220653,0.002963505,0.006000882,0.501116902,0.527814553,0,0,6,0,7
71,"""houston""",Other,1,0.029734867,0.135215453,0.006693145,0.100236933,0.080035792,0.53625498,0.555940724,0,0,1,1,4
72,"""Shrek""",Entertainment,1,0.030460263,0.03268945,0.001618123,0.009133354,0.011872416,0.508308157,0.533921164,0,0,0,1,2
73,"""PS5""",Technology,0.674418605,0.021684018,0.063893016,0.003383348,0.01020539,0.02238872,0.516500384,0.725552455,0.000279998,0.000119401,2,0,7
74,"""onguardforthee""",Other,1,0.029638104,0.092124814,0.004560165,0.015845069,0.022949492,0.524143302,0.549708819,0,0,3,2,8
75,"""wholesomememes""",Humor,1,0.029805327,0.047548291,0.002353633,0.00503026,0.008509573,0.51217656,0.537970287,0,0,0,3,2
76,"""HydroHomies""",Humor,1,0.029638104,0.092124814,0.004560165,0.015845069,0.022949492,0.524143302,0.549708819,0,0,3,2,8
77,"""TooAfraidToAsk""",Discussion,1,0.029805327,0.047548291,0.002353633,0.00503026,0.008509573,0.51217656,0.537970287,0,0,0,3,2
78,"""Seiko""",Hobbies/Occupations,1,0.029871807,0.023774146,0.001176817,0.003445781,0.00548773,0.506015038,0.532535664,0,0,7,7,0
79,"""Kaiserreich""",Entertainment,1,0.029500811,0.041604755,0.002059429,0.003862023,0.005940631,0.510622155,0.537998957,0,0,9,9,3
80,"""PinkpillFeminism""",Defunct,1,0.029914855,0.035661218,0.001765225,0.004283411,0.00847427,0.509077156,0.535372342,0,0,10,8,7
81,"""Supernatural""",Entertainment,1,0.029411765,0.002971768,0.000147102,0.001547907,0.003306807,0.500744048,0.527802379,0,0,0,0,7
82,"""motogp""",Hobbies/Occupations,1,0.029871807,0.023774146,0.001176817,0.003445781,0.00548773,0.506015038,0.532535664,0,0,7,7,0
83,"""UFOs""",Other,1,0.030207662,0.029717682,0.001471021,0.005131465,0.008773211,0.507541478,0.533899986,0,0,0,3,2
84,"""Eyebleach""",Other,1,0.029702278,0.053491828,0.002647838,0.008332376,0.010526862,0.513740458,0.539486832,0,0,8,4,9
85,"""premed""",Educational,0.7606469,0.023459552,0.157503715,0.008237717,0.101630877,0.092274163,0.542741935,0.833679021,0.001472973,0.000639756,0,1,4
86,"""statistics""",Educational,1,0.029655622,0.069836553,0.003456899,0.008216327,0.013435758,0.518090839,0.543837337,0,0,5,5,1
87,"""alberta""",Other,0.446361186,0.014717483,0.157503715,0.008973227,0.021635195,0.065722214,0.542741935,0.976638376,0.003890841,0.00229973,2,0,8
88,"""ESFJ""",Discussion,1,0.030420205,0.038632987,0.001912327,0.002609413,0.005910418,0.509848485,0.535821573,0,0,4,6,11
89,"""notopbutok""",Humor,1,0.029871807,0.023774146,0.001176817,0.003445781,0.00548773,0.506015038,0.532535664,0,0,7,7,0
90,"""Banff""",Other,0.564923747,0.017029015,0.202080238,0.010150044,0.104438589,0.092594552,0.556198347,0.750220958,0.005498417,0.002631253,1,5,4
91,"""BabyBumps""",Lifestyle,1,0.029914855,0.035661218,0.001765225,0.004283411,0.00847427,0.509077156,0.535372342,0,0,10,8,7
92,"""gaming""",Entertainment,0.432786885,0.013483973,0.09063893,0.004633716,0.013853485,0.024652538,0.523735409,0.826681333,0.001798591,0.001121046,0,1,2
93,"""kindness""",Other,1,0.030685887,0.005943536,0.000294204,0.00161348,0.003444985,0.501490313,0.528424006,0,0,3,0,7
94,"""CODWarzone""",Entertainment,1,0.031014599,0.020802377,0.001029715,0.005785744,0.008796781,0.505255255,0.531650569,0,0,1,0,7
95,"""LifeProTips""",Lifestyle,1,0.029871807,0.023774146,0.001176817,0.003445781,0.00548773,0.506015038,0.532535664,0,0,7,7,0
96,"""Supremacy1914""",Entertainment,1,0.029411765,0.002971768,0.000147102,0.001547907,0.003306807,0.500744048,0.527802379,0,0,0,0,7
97,"""Mcat""",Educational,0.960729313,0.029265054,0.138187221,0.007134451,0.100469125,0.086181543,0.537110934,0.736781887,9.19E-05,0,1,1,4
98,"""PublicFreakout""",Other,1,0.030314906,0.049034175,0.002427184,0.008532212,0.014245049,0.512566641,0.536628614,0,0,2,0,7
99,"""vancouver""",Other,0.812075325,0.024634429,0.151560178,0.00772286,0.100919178,0.087999104,0.540996785,0.740073573,0.0010682,0.00056384,1,1,4
100,"""socialanxiety""",Discussion,1,0.030687123,0.023774146,0.001176817,0.005037608,0.008775502,0.506015038,0.532379548,0,0,0,0,7
101,"""TrueAskReddit""",Discussion,1,0.030420205,0.038632987,0.001912327,0.002609413,0.005910418,0.509848485,0.535821573,0,0,4,6,11
102,"""MBTIPlus""",Other,1,0.030420205,0.038632987,0.001912327,0.002609413,0.005910418,0.509848485,0.535821573,0,0,4,6,11
103,"""BanVideoGames""",Other,1,0.029702278,0.053491828,0.002647838,0.008332376,0.010526862,0.513740458,0.539486832,0,0,8,4,9
104,"""XiaomiMi8""",Technology,1,0.0428201,0.007429421,0.000367755,0.003195639,0.006613087,0.50186428,0.528056135,0,0,2,0,7
105,"""vegan""",Lifestyle,1,0.030687123,0.023774146,0.001176817,0.005037608,0.008775502,0.506015038,0.532379548,0,0,0,0,7
106,"""ptsd""",Lifestyle,1,0.032297844,0.008915305,0.000441306,0.00390824,0.00529753,0.502238806,0.528873871,0,0,0,4,4
107,"""pcgaming""",Technology,1,0.03078857,0.008915305,0.000441306,0.002772238,0.004384093,0.502238806,0.528977794,0,0,1,8,7
108,"""Journalism""",Educational,1,0.029501177,0.028231798,0.00139747,0.001985645,0.004115892,0.507159005,0.53450943,0,0,7,7,0
109,"""porn""",NSFW,1,0.029805327,0.047548291,0.002353633,0.00503026,0.008509573,0.51217656,0.537970287,0,0,0,3,2
110,"""CanadianForces""",Hobbies/Occupations,1,0.030314906,0.049034175,0.002427184,0.008532212,0.014245049,0.512566641,0.536628614,0,0,2,0,7
111,"""rprogramming""",Technology,1,0.031026995,0.031203566,0.001544572,0.010236923,0.013310611,0.507924528,0.533497916,0,0,2,3,5
112,"""nottheonion""",Humor,1,0.029638104,0.092124814,0.004560165,0.015845069,0.022949492,0.524143302,0.549708819,0,0,3,2,8
113,"""dontputyourdickinthat""",Humor,1,0.030804082,0.022288262,0.001103266,0.004843045,0.007024287,0.505634861,0.53121858,0,0,0,0,2
114,"""AskHistorians""",Discussion,0.488145897,0.014889939,0.209509658,0.010664901,0.103771443,0.092978189,0.558506224,0.844488833,0.008349575,0.004661077,6,1,4
115,"""namenerds""",Hobbies/Occupations,1,0.029914855,0.035661218,0.001765225,0.004283411,0.00847427,0.509077156,0.535372342,0,0,10,8,7
116,"""bioinformatics""",Educational,1,0.031026995,0.031203566,0.001544572,0.010236923,0.013310611,0.507924528,0.533497916,0,0,2,3,5
117,"""masseffect""",Entertainment,1,0.029638104,0.092124814,0.004560165,0.015845069,0.022949492,0.524143302,0.549708819,0,0,3,2,8
118,"""calculus""",Educational,1,0.029850758,0.038632987,0.001912327,0.007117043,0.008763026,0.509848485,0.535537321,0,0,6,2,10
119,"""malefashionadvice""",Lifestyle,1,0.031509483,0.014858841,0.00073551,0.003381151,0.00678209,0.503742515,0.530393583,0,0,0,4,7
120,"""XboxSeriesX""",Technology,1,0.029638104,0.092124814,0.004560165,0.015845069,0.022949492,0.524143302,0.549708819,0,0,3,2,8
121,"""aww""",Other,0.513487782,0.016049765,0.205052006,0.010812004,0.104776297,0.101528317,0.557119205,0.897016237,0.004880708,0.002357809,0,4,4
122,"""investing""",Educational,0.56,0.018952125,0.037147103,0.001985878,0.005338297,0.015588284,0.509462528,0.721662382,0.000191263,7.96E-05,2,0,11
123,"""LogitechG""",Technology,0.803921569,0.025156685,0.026745914,0.00139747,0.005819259,0.010675475,0.506777108,0.720866657,6.63E-05,4.86E-05,1,10,6
124,"""SeriesXbox""",Technology,1,0.029638104,0.092124814,0.004560165,0.015845069,0.022949492,0.524143302,0.549708819,0,0,3,2,8
125,"""XboxSeriesS""",Technology,1,0.029638104,0.092124814,0.004560165,0.015845069,0.022949492,0.524143302,0.549708819,0,0,3,2,8
126,"""Showerthoughts""",Discussion,0.518716578,0.015830043,0.050520059,0.002574287,0.003875202,0.009513512,0.512957317,0.727097148,0.000594796,0.000451072,7,7,0
127,"""thinkpad""",Technology,1,0.030685887,0.005943536,0.000294204,0.001656136,0.003502627,0.501490313,0.528424006,0,0,5,5,1
128,"""lost""",Entertainment,1,0.030207662,0.029717682,0.001471021,0.005131465,0.008773211,0.507541478,0.533899986,0,0,0,3,2
129,"""whatisthisanimal""",Animals,1,0.031026995,0.031203566,0.001544572,0.010236923,0.013310611,0.507924528,0.533497916,0,0,2,3,5
130,"""MuslimMarriage""",Lifestyle,1,0.03078857,0.008915305,0.000441306,0.002772238,0.004384093,0.502238806,0.528977794,0,0,1,8,7
131,"""ShadowPC""",Technology,1,0.029501177,0.028231798,0.00139747,0.001985645,0.004115892,0.507159005,0.53450943,0,0,7,7,0
132,"""volleyball""",Entertainment,1,0.031014599,0.020802377,0.001029715,0.005785744,0.008796781,0.505255255,0.531650569,0,0,1,0,7
133,"""buildapc""",Hobbies/Occupations,0.719211823,0.022119722,0.043090639,0.002206531,0.005482275,0.012737713,0.511009871,0.724358106,0.000230769,0.000159202,1,8,7
134,"""FinalFantasy""",Entertainment,1,0.029638104,0.092124814,0.004560165,0.015845069,0.022949492,0.524143302,0.549708819,0,0,3,2,8
135,"""mercedes_benz""",Hobbies/Occupations,1,0.029638104,0.092124814,0.004560165,0.015845069,0.022949492,0.524143302,0.549708819,0,0,3,2,8
136,"""INTP""",Discussion,1,0.031432973,0.034175334,0.001691674,0.005621568,0.010238693,0.508692366,0.533216124,0,0,4,6,11
137,"""mac""",Technology,1,0.031519132,0.020802377,0.001029715,0.003504275,0.0073802,0.505255255,0.531321782,0,0,4,6,11
138,"""Futurology""",Technology,1,0.029734867,0.135215453,0.006693145,0.100236933,0.080035792,0.53625498,0.555940724,0,0,1,1,4
139,"""Whatcouldgowrong""",Other,0.857142857,0.026087304,0.052005944,0.002647838,0.005256655,0.012181272,0.513348589,0.725138581,0.000102581,5.09E-05,0,3,2
140,"""linguistics""",Educational,1,0.03078857,0.008915305,0.000441306,0.002772238,0.004384093,0.502238806,0.528977794,0,0,1,8,7
141,"""homegym""",Lifestyle,1,0.031509483,0.014858841,0.00073551,0.003381151,0.00678209,0.503742515,0.530393583,0,0,0,4,7
142,"""dwarffortress""",Entertainment,1,0.029501177,0.028231798,0.00139747,0.001985645,0.004115892,0.507159005,0.53450943,0,0,7,7,0
143,"""study""",Educational,1,0.029411765,0.002971768,0.000147102,0.001547907,0.003306807,0.500744048,0.527802379,0,0,0,0,7
144,"""SofiawithanF""",Entertainment,1,0.037122169,0.008915305,0.000441306,0.004215103,0.007264397,0.502238806,0.528495491,0,0,0,0,7
145,"""alzhang8""",Other,1,0.031014599,0.020802377,0.001029715,0.005785744,0.008796781,0.505255255,0.531650569,0,0,1,0,7
146,"""EDC""",Lifestyle,1,0.033903225,0.007429421,0.000367755,0.001841336,0.004039125,0.50186428,0.528368691,0,0,0,0,1
147,"""Bestbuy""",Other,1,0.039825653,0.011887073,0.000588408,0.005823141,0.009713936,0.502989537,0.528288063,0,0,2,0,7
148,"""TorontoRenting""",Lifestyle,1,0.029734867,0.135215453,0.006693145,0.100236933,0.080035792,0.53625498,0.555940724,0,0,1,1,4
149,"""GoogleWiFi""",Technology,1,0.029638104,0.092124814,0.004560165,0.015845069,0.022949492,0.524143302,0.549708819,0,0,3,2,8
150,"""FifaCareers""",Entertainment,1,0.029638104,0.092124814,0.004560165,0.015845069,0.022949492,0.524143302,0.549708819,0,0,3,2,8
151,"""microsoft""",Technology,1,0.029638104,0.092124814,0.004560165,0.015845069,0.022949492,0.524143302,0.549708819,0,0,3,2,8
152,"""chemistryhomework""",Educational,1,0.032410902,0.02526003,0.001250368,0.012489089,0.012987632,0.506395786,0.531466785,0,0,2,1,4
153,"""SportSelecters""",Defunct,1,0.0428201,0.007429421,0.000367755,0.003195639,0.006613087,0.50186428,0.528056135,0,0,2,0,7
154,"""Indian_Academia""",Educational,1,0.029734867,0.135215453,0.006693145,0.100236933,0.080035792,0.53625498,0.555940724,0,0,1,1,4
155,"""ISTJ""",Other,1,0.031432973,0.034175334,0.001691674,0.005621568,0.010238693,0.508692366,0.533216124,0,0,4,6,11
156,"""Fitness""",Lifestyle,0.732026144,0.023629519,0.026745914,0.00139747,0.004963131,0.010563511,0.506777108,0.719325682,7.20E-05,1.77E-05,0,0,2
157,"""ZodiacKiller""",Other,1,0.029805327,0.047548291,0.002353633,0.00503026,0.008509573,0.51217656,0.537970287,0,0,0,3,2
158,"""probabilitytheory""",Educational,1,0.029411765,0.004457652,0.000220653,0.001564971,0.003339044,0.501116902,0.528216634,0,0,0,0,7
159,"""FosterThePeople""",Entertainment,1,0.029501177,0.028231798,0.00139747,0.001985645,0.004115892,0.507159005,0.53450943,0,0,7,7,0
160,"""marvelstudios""",Entertainment,1,0.030207662,0.029717682,0.001471021,0.005131465,0.008773211,0.507541478,0.533899986,0,0,0,3,2
161,"""premeduk""",Educational,1,0.029734867,0.135215453,0.006693145,0.100236933,0.080035792,0.53625498,0.555940724,0,0,1,1,4
162,"""estp""",Other,1,0.030420205,0.038632987,0.001912327,0.002609413,0.005910418,0.509848485,0.535821573,0,0,4,6,11
163,"""NewTubers""",Entertainment,0.921768707,0.027680209,0.072808321,0.003677552,0.008251284,0.016745628,0.518889746,0.730252957,0.000203425,0.00015478,0,5,1
164,"""TIHI""",Humor,1,0.029850758,0.038632987,0.001912327,0.007117043,0.008763026,0.509848485,0.535537321,0,0,6,2,10
165,"""distantsocializing""",Other,1,0.029501177,0.028231798,0.00139747,0.001985645,0.004115892,0.507159005,0.53450943,0,0,7,7,0
166,"""funny""",Humor,1,0.029411765,0.002971768,0.000147102,0.001547907,0.003306807,0.500744048,0.527802379,0,0,0,0,7
167,"""DesignerReps""",Lifestyle,0.719480519,0.022872096,0.08320951,0.004633716,0.008555067,0.027696613,0.521705426,0.922340915,0.000897906,0.000599218,5,5,1
168,"""Calgary""",Other,0.113817163,0.004233697,0.609212481,0.037731686,0.129827053,0.2790456,0.719017094,1.0958836,0.126050456,0.093115393,6,0,7
169,"""isfj""",Other,0.670731707,0.023567076,0.060921248,0.003604001,0.006122804,0.015997583,0.515708812,0.728737387,0.000132668,8.84E-05,4,6,11
170,"""csgomarketforum""",Entertainment,1,0.030314906,0.049034175,0.002427184,0.008532212,0.014245049,0.512566641,0.536628614,0,0,2,0,7
171,"""FashionRepsBST""",Lifestyle,1,0.029655622,0.069836553,0.003456899,0.008216327,0.013435758,0.518090839,0.543837337,0,0,5,5,1
172,"""LateStageCapitalism""",Other,1,0.029638104,0.092124814,0.004560165,0.015845069,0.022949492,0.524143302,0.549708819,0,0,3,2,8
173,"""AmongUsFriendFinder""",Other,1,0.029850758,0.038632987,0.001912327,0.007117043,0.008763026,0.509848485,0.535537321,0,0,6,2,10
174,"""TheStrokes""",Entertainment,1,0.031509483,0.014858841,0.00073551,0.003381151,0.00678209,0.503742515,0.530393583,0,0,0,4,7
175,"""anime_titties""",General,1,0.038127172,0.011887073,0.000588408,0.003758911,0.007942524,0.502989537,0.528547374,0,0,2,0,7
176,"""AlternativeHealth""",Lifestyle,1,0.030687123,0.023774146,0.001176817,0.005037608,0.008775502,0.506015038,0.532379548,0,0,0,0,7
177,"""assassinscreed""",Entertainment,1,0.029638104,0.092124814,0.004560165,0.015845069,0.022949492,0.524143302,0.549708819,0,0,3,2,8
178,"""Naruto""",Entertainment,1,0.030420205,0.038632987,0.001912327,0.002609413,0.005910418,0.509848485,0.535821573,0,0,4,6,11
179,"""iPhoneX""",Technology,1,0.029638104,0.092124814,0.004560165,0.015845069,0.022949492,0.524143302,0.549708819,0,0,3,2,8
180,"""CESB""",Lifestyle,0.462585034,0.015509489,0.147102526,0.008605472,0.027324883,0.07767113,0.539695269,0.990489673,0.003013799,0.001502468,2,0,8
181,"""geegees""",Educational,1,0.029914855,0.035661218,0.001765225,0.004283411,0.00847427,0.509077156,0.535372342,0,0,10,8,7
182,"""kia""",Hobbies/Occupations,1,0.031014599,0.020802377,0.001029715,0.005785744,0.008796781,0.505255255,0.531650569,0,0,1,0,7
183,"""reddeadredemption""",Entertainment,1,0.029411765,0.002971768,0.000147102,0.001547907,0.003306807,0.500744048,0.527802379,0,0,0,0,7
184,"""metacanada""",Other,0.787154593,0.023900743,0.154531947,0.007869962,0.101172821,0.088838392,0.541867955,0.740419613,0.001183711,0.000620224,2,0,4
185,"""UCalgary""",Educational,0.055132491,0.002253943,1,0.067005001,0.14196092,0.342511217,1,1.114056806,0.636155594,0.755646644,0,0,7
186,"""PERSoNA""",Other,1,0.029702278,0.053491828,0.002647838,0.008332376,0.010526862,0.513740458,0.539486832,0,0,8,4,9
187,"""FortniteCompetitive""",Entertainment,1,0.029655622,0.069836553,0.003456899,0.008216327,0.013435758,0.518090839,0.543837337,0,0,5,5,1
188,"""anime""",Entertainment,0.458143075,0.014156291,0.108469539,0.005516328,0.015439281,0.028149669,0.528672427,0.828717248,0.002444644,0.001423972,2,0,9
189,"""pics""",General,1,0.030207662,0.029717682,0.001471021,0.005131465,0.008773211,0.507541478,0.533899986,0,0,0,3,2
190,"""paradoxplaza""",Entertainment,1,0.029500811,0.041604755,0.002059429,0.003862023,0.005940631,0.510622155,0.537998957,0,0,9,9,3
191,"""spotify""",Entertainment,0.622969188,0.019027882,0.126300149,0.006472492,0.02076198,0.031414949,0.53370341,0.741721654,0.001349324,0.000849077,6,2,8
192,"""AIfreakout""",Other,1,0.029501177,0.028231798,0.00139747,0.001985645,0.004115892,0.507159005,0.53450943,0,0,7,7,0
193,"""Office365""",Technology,1,0.029638104,0.092124814,0.004560165,0.015845069,0.022949492,0.524143302,0.549708819,0,0,3,2,8
194,"""picsofthingsincalgary""",General,1,0.030314906,0.049034175,0.002427184,0.008532212,0.014245049,0.512566641,0.536628614,0,0,2,0,7
195,"""cs50""",Educational,1,0.042419105,0.002971768,0.000147102,0.001678169,0.003512926,0.500744048,0.527526569,0,0,0,3,2
196,"""IWantOut""",Other,0.873343152,0.026521176,0.145616642,0.007428655,0.101043659,0.089006144,0.539262821,0.737175517,0.000500784,0.000169152,2,1,4
197,"""dontdeadopeninside""",Other,1,0.029871807,0.023774146,0.001176817,0.003445781,0.00548773,0.506015038,0.532535664,0,0,7,7,0
198,"""Anki""",Educational,1,0.029734867,0.135215453,0.006693145,0.100236933,0.080035792,0.53625498,0.555940724,0,0,1,1,4
199,"""unexpectedfactorial""",Other,1,0.029850758,0.038632987,0.001912327,0.007117043,0.008763026,0.509848485,0.535537321,0,0,6,2,10
200,"""AskWomen""",Discussion,1,0.031229323,0.023774146,0.001176817,0.006037712,0.009644018,0.506015038,0.532074396,0,0,2,0,7
201,"""freecheggresults""",Other,1,0.029411765,0.004457652,0.000220653,0.001564971,0.003339044,0.501116902,0.528216634,0,0,0,0,7
202,"""AskPhysics""",Discussion,0.61482184,0.01960596,0.18127786,0.00985584,0.103665133,0.099894185,0.549836601,0.839921741,0.002605776,0.001433701,6,1,4
203,"""photoshopbattles""",General,1,0.030207662,0.029717682,0.001471021,0.005131465,0.008773211,0.507541478,0.533899986,0,0,0,3,2
204,"""French""",Educational,1,0.031509483,0.014858841,0.00073551,0.003381151,0.00678209,0.503742515,0.530393583,0,0,0,4,7
205,"""ucla""",Educational,1,0.029655622,0.069836553,0.003456899,0.008216327,0.013435758,0.518090839,0.543837337,0,0,5,5,1
206,"""Edmonton""",Other,1,0.030314906,0.049034175,0.002427184,0.008532212,0.014245049,0.512566641,0.536628614,0,0,2,0,7
207,"""drawing""",Hobbies/Occupations,1,0.030185346,0.023774146,0.001176817,0.005784868,0.007366716,0.506015038,0.532367162,0,0,1,10,6
208,"""headphones""",Technology,1,0.029655622,0.069836553,0.003456899,0.008216327,0.013435758,0.518090839,0.543837337,0,0,5,5,1
209,"""HomeworkHelp""",Educational,0.865594723,0.027195145,0.147102526,0.007943513,0.10137048,0.092150637,0.539695269,0.740939081,0.00027727,0.000157875,1,1,4
210,"""xboxone""",Technology,0.6309139,0.019220065,0.12332838,0.006251839,0.018370306,0.032876768,0.532858274,0.73869264,0.001750859,0.000707564,4,6,8
211,"""askSingapore""",Discussion,1,0.029734867,0.135215453,0.006693145,0.100236933,0.080035792,0.53625498,0.555940724,0,0,1,1,4
212,"""stockx""",Other,1,0.029655622,0.069836553,0.003456899,0.008216327,0.013435758,0.518090839,0.543837337,0,0,5,5,1
213,"""MBTIDating""",Lifestyle,1,0.031432973,0.034175334,0.001691674,0.005621568,0.010238693,0.508692366,0.533216124,0,0,4,6,11
214,"""Cringetopia""",Humor,1,0.031973696,0.020802377,0.001029715,0.006083216,0.008552975,0.505255255,0.529956677,0,0,0,0,2
215,"""premedcanada""",Educational,0.834455446,0.026776063,0.150074294,0.008384819,0.101602672,0.098126648,0.540562249,0.834713022,0.000398642,0.000197676,1,1,4
216,"""mountandblade""",Entertainment,1,0.029501177,0.028231798,0.00139747,0.001985645,0.004115892,0.507159005,0.53450943,0,0,7,7,0
217,"""JapanTravel""",Hobbies/Occupations,1,0.036763332,0.007429421,0.000367755,0.003090998,0.006203924,0.50186428,0.528436209,0,0,6,0,7
218,"""unimelb""",Educational,1,0.031026995,0.031203566,0.001544572,0.010236923,0.013310611,0.507924528,0.533497916,0,0,2,3,5
219,"""melbourne""",Other,1,0.031026995,0.031203566,0.001544572,0.010236923,0.013310611,0.507924528,0.533497916,0,0,2,3,5
220,"""curlyhair""",Lifestyle,1,0.030185346,0.023774146,0.001176817,0.005784868,0.007366716,0.506015038,0.532367162,0,0,1,10,6
221,"""RStudio""",Technology,1,0.031026995,0.031203566,0.001544572,0.010236923,0.013310611,0.507924528,0.533497916,0,0,2,3,5
222,"""hiphopheads""",Entertainment,0.787154593,0.023871566,0.154531947,0.007869962,0.101087118,0.086582458,0.541867955,0.74064689,0.001203117,0.000620224,1,1,4
223,"""MECoOp""",Entertainment,1,0.029638104,0.092124814,0.004560165,0.015845069,0.022949492,0.524143302,0.549708819,0,0,3,2,8
224,"""TNOmod""",Entertainment,1,0.029500811,0.041604755,0.002059429,0.003862023,0.005940631,0.510622155,0.537998957,0,0,9,9,3
225,"""bannersaga""",Entertainment,1,0.029501177,0.028231798,0.00139747,0.001985645,0.004115892,0.507159005,0.53450943,0,0,7,7,0
226,"""math""",Educational,1,0.029850758,0.038632987,0.001912327,0.007117043,0.008763026,0.509848485,0.535537321,0,0,6,2,10
227,"""RepTime""",Lifestyle,1,0.029655622,0.069836553,0.003456899,0.008216327,0.013435758,0.518090839,0.543837337,0,0,5,5,1
228,"""Horses""",Animals,1,0.029655622,0.069836553,0.003456899,0.008216327,0.013435758,0.518090839,0.543837337,0,0,5,5,1
229,"""teenagers""",Discussion,0.783333333,0.026206615,0.023774146,0.001250368,0.006117676,0.011861951,0.506015038,0.718174268,5.75E-05,1.77E-05,0,0,2
230,"""Minecraft""",Entertainment,0.598930481,0.019506346,0.050520059,0.002647838,0.012469156,0.020233743,0.512957317,0.72306104,0.000239906,8.25E-05,0,1,2
231,"""Markiplier""",Entertainment,1,0.029411765,0.007429421,0.000367755,0.001600254,0.003405442,0.50186428,0.529047099,0,0,0,0,7
232,"""VALORANT""",Entertainment,0.496666667,0.016861534,0.037147103,0.001985878,0.007701738,0.016760113,0.509462528,0.815989885,0.000224824,6.41E-05,0,0,2
233,"""BoJackHorseman""",Entertainment,1,0.03078857,0.008915305,0.000441306,0.002772238,0.004384093,0.502238806,0.528977794,0,0,1,8,7
234,"""EnglishLearning""",Educational,1,0.029805327,0.047548291,0.002353633,0.00503026,0.008509573,0.51217656,0.537970287,0,0,0,3,2
235,"""school_memes""",Humor,1,0.030460263,0.03268945,0.001618123,0.009133354,0.011872416,0.508308157,0.533921164,0,0,0,1,2
236,"""writing""",Hobbies/Occupations,1,0.029702278,0.053491828,0.002647838,0.008332376,0.010526862,0.513740458,0.539486832,0,0,8,4,9
237,"""comedyheaven""",Humor,1,0.029702278,0.053491828,0.002647838,0.008332376,0.010526862,0.513740458,0.539486832,0,0,8,4,9
238,"""takemysurvey""",Other,1,0.03196001,0.004457652,0.000220653,0.001614612,0.003421329,0.501116902,0.528009425,0,0,0,0,2
239,"""legaladvice""",Discussion,1,0.029655622,0.069836553,0.003456899,0.008216327,0.013435758,0.518090839,0.543837337,0,0,5,5,1
240,"""FemaleDatingStrategy""",Discussion,1,0.029914855,0.035661218,0.001765225,0.004283411,0.00847427,0.509077156,0.535372342,0,0,10,8,7
241,"""pokemontrades""",Entertainment,1,0.031432973,0.034175334,0.001691674,0.005621568,0.010238693,0.508692366,0.533216124,0,0,4,6,11
242,"""CFA""",Educational,1,0.031229323,0.023774146,0.001176817,0.006037712,0.009644018,0.506015038,0.532074396,0,0,2,0,7
243,"""shaw""",Technology,1,0.0952827,0.002971768,0.000147102,0.002931539,0.005943499,0.500744048,0.527400928,0,0,6,0,7
244,"""DiagnoseMe""",Lifestyle,1,0.039825653,0.011887073,0.000588408,0.005823141,0.009713936,0.502989537,0.528288063,0,0,2,0,7
245,"""IncreasinglyVerbose""",Humor,1,0.029850758,0.038632987,0.001912327,0.007117043,0.008763026,0.509848485,0.535537321,0,0,6,2,10
246,"""HaircareScience""",Lifestyle,1,0.037056501,0.002971768,0.000147102,0.001608163,0.00339031,0.500744048,0.527595495,0,0,6,2,10
247,"""CalgaryFlames""",Entertainment,0.487179487,0.020770335,0.019316493,0.001103266,0.006076804,0.016555474,0.504876219,0.814344276,6.27E-05,1.77E-05,0,0,7
248,"""MemeTemplatesOfficial""",Humor,1,0.030920226,0.010401189,0.000514857,0.001850868,0.0039373,0.502613891,0.529324502,0,0,0,4,2
249,"""piercing""",Lifestyle,1,0.051368743,0.004457652,0.000220653,0.002963505,0.006000882,0.501116902,0.527814553,0,0,6,0,7
250,"""madlads""",Humor,0.528225806,0.016568383,0.047548291,0.002427184,0.006484791,0.012549996,0.51217656,0.723968498,0.000514089,0.000150357,0,0,0
251,"""HentaiBreeding""",NSFW,1,0.029805327,0.047548291,0.002353633,0.00503026,0.008509573,0.51217656,0.537970287,0,0,0,3,2
252,"""Gamingcirclejerk""",Humor,1,0.029702278,0.053491828,0.002647838,0.008332376,0.010526862,0.513740458,0.539486832,0,0,8,4,9
253,"""Destiny""",Entertainment,1,0.035848635,0.014858841,0.00073551,0.005907172,0.009813359,0.503742515,0.528990023,0,0,2,0,7
254,"""chemhelp""",Educational,1,0.029734867,0.135215453,0.006693145,0.100236933,0.080035792,0.53625498,0.555940724,0,0,1,1,4
255,"""hentai""",NSFW,1,0.029805327,0.047548291,0.002353633,0.00503026,0.008509573,0.51217656,0.537970287,0,0,0,3,2
256,"""DontFundMe""",Humor,1,0.029871807,0.023774146,0.001176817,0.003445781,0.00548773,0.506015038,0.532535664,0,0,7,7,0
257,"""FORTnITE""",Entertainment,1,0.030460263,0.03268945,0.001618123,0.009133354,0.011872416,0.508308157,0.533921164,0,0,0,1,2
258,"""OnePiece""",Entertainment,0.547868623,0.017421271,0.080237741,0.004118858,0.011134701,0.024254011,0.520897833,0.726727669,0.000885073,0.000265336,2,0,7
259,"""Forex""",Lifestyle,1,0.031229323,0.023774146,0.001176817,0.006037712,0.009644018,0.506015038,0.532074396,0,0,2,0,7
260,"""cyberpunkgame""",Entertainment,1,0.031014599,0.020802377,0.001029715,0.005785744,0.008796781,0.505255255,0.531650569,0,0,1,0,7
261,"""AskOldPeople""",Discussion,1,0.029734867,0.135215453,0.006693145,0.100236933,0.080035792,0.53625498,0.555940724,0,0,1,1,4
262,"""skipthedishes""",Lifestyle,1,0.035848635,0.014858841,0.00073551,0.005907172,0.009813359,0.503742515,0.528990023,0,0,2,0,7
263,"""Fallout""",Entertainment,1,0.029411765,0.007429421,0.000367755,0.001600254,0.003405442,0.50186428,0.529047099,0,0,0,0,7
264,"""IllegalLifeProTips""",Humor,1,0.029655622,0.069836553,0.003456899,0.008216327,0.013435758,0.518090839,0.543837337,0,0,5,5,1
265,"""sadcringe""",Other,1,0.029702278,0.053491828,0.002647838,0.008332376,0.010526862,0.513740458,0.539486832,0,0,8,4,9
266,"""FamilyMedicine""",Hobbies/Occupations,1,0.029734867,0.135215453,0.006693145,0.100236933,0.080035792,0.53625498,0.555940724,0,0,1,1,4
267,"""modernwarfare""",Entertainment,0.58974359,0.021440493,0.019316493,0.001029715,0.003648163,0.010902378,0.504876219,0.718174268,5.41E-05,1.77E-05,0,0,7
268,"""mildlyinfuriating""",General,1,0.029702278,0.053491828,0.002647838,0.008332376,0.010526862,0.513740458,0.539486832,0,0,8,4,9
269,"""videos""",General,1,0.030207662,0.029717682,0.001471021,0.005131465,0.008773211,0.507541478,0.533899986,0,0,0,3,2
270,"""Supplements""",Lifestyle,1,0.030687123,0.023774146,0.001176817,0.005037608,0.008775502,0.506015038,0.532379548,0,0,0,0,7
271,"""telus""",Technology,1,0.029638104,0.092124814,0.004560165,0.015845069,0.022949492,0.524143302,0.549708819,0,0,3,2,8
272,"""oasis""",Entertainment,1,0.031313524,0.008915305,0.000441306,0.001709736,0.003723598,0.502238806,0.528922363,0,0,5,5,7
273,"""UniversityOfHouston""",Educational,1,0.030460263,0.03268945,0.001618123,0.009133354,0.011872416,0.508308157,0.533921164,0,0,0,1,2
274,"""EngineeringGradSchool""",Educational,1,0.03078857,0.008915305,0.000441306,0.001933949,0.003911016,0.502238806,0.528977794,0,0,3,0,9
275,"""amazon""",Technology,1,0.029850758,0.038632987,0.001912327,0.007117043,0.008763026,0.509848485,0.535537321,0,0,6,2,10
276,"""snoovatars""",Other,1,0.029501177,0.028231798,0.00139747,0.001985645,0.004115892,0.507159005,0.53450943,0,0,7,7,0
277,"""gamingsuggestions""",Entertainment,1,0.030559102,0.013372957,0.000661959,0.003015271,0.004737554,0.503365744,0.529741151,0,0,0,4,2
278,"""betterCallSaul""",Entertainment,0.568979592,0.017670834,0.074294205,0.003824654,0.008466166,0.017120619,0.519290123,0.731046194,0.000662008,0.000508562,0,3,2
279,"""HIMYM""",Entertainment,1,0.033903225,0.007429421,0.000367755,0.001841336,0.004039125,0.50186428,0.528368691,0,0,0,0,1
280,"""textbookrequest""",Other,0.530864198,0.016142133,0.120356612,0.006104737,0.014684881,0.023737779,0.53201581,0.740049637,0.00204602,0.001341423,8,4,1
281,"""PewdiepieSubmissions""",Entertainment,1,0.031973696,0.020802377,0.001029715,0.006083216,0.008552975,0.505255255,0.529956677,0,0,0,0,2
282,"""solotravel""",Lifestyle,1,0.029734867,0.135215453,0.006693145,0.100236933,0.080035792,0.53625498,0.555940724,0,0,1,1,4
283,"""Polcompball""",Humor,1,0.029500811,0.041604755,0.002059429,0.003862023,0.005940631,0.510622155,0.537998957,0,0,9,9,3
284,"""microgrowery""",Hobbies/Occupations,1,0.031229323,0.023774146,0.001176817,0.006037712,0.009644018,0.506015038,0.532074396,0,0,2,0,7
285,"""TrentUniversity""",Educational,1,0.031914858,0.019316493,0.000956164,0.004791244,0.008355734,0.504876219,0.530484166,0,0,2,0,7
286,"""nus""",Educational,1,0.058252769,0.004457652,0.000220653,0.003035403,0.006163944,0.501116902,0.527538731,0,0,0,0,7
287,"""ShitAmericansSay""",Humor,0.622969188,0.019027882,0.126300149,0.006472492,0.02076198,0.031414949,0.53370341,0.741721654,0.001349324,0.000849077,6,2,8
288,"""Network""",Educational,1,0.030685887,0.005943536,0.000294204,0.001656136,0.003502627,0.501490313,0.528424006,0,0,5,5,1
289,"""dubai""",Other,1,0.029734867,0.135215453,0.006693145,0.100236933,0.080035792,0.53625498,0.555940724,0,0,1,1,4
290,"""cscareerquestions""",Hobbies/Occupations,0.839901478,0.025993579,0.043090639,0.002206531,0.009668931,0.01603049,0.511009871,0.722414247,7.52E-05,3.54E-05,6,2,10
291,"""Windows10""",Technology,0.688402422,0.020893503,0.169390788,0.008605472,0.102531586,0.087965666,0.546266234,0.742881534,0.001937135,0.000902144,6,1,4
292,"""Astronomy""",Educational,1,0.03078857,0.008915305,0.000441306,0.001933949,0.003911016,0.502238806,0.528977794,0,0,3,0,9
293,"""jobs""",Hobbies/Occupations,1,0.039085343,0.008915305,0.000441306,0.004348566,0.007525021,0.502238806,0.528056135,0,0,3,0,7
294,"""civcrafter""",Entertainment,1,0.029411765,0.002971768,0.000147102,0.001547907,0.003306807,0.500744048,0.527802379,0,0,0,0,7
295,"""infp""",Lifestyle,1,0.030420205,0.038632987,0.001912327,0.002609413,0.005910418,0.509848485,0.535821573,0,0,4,6,11
296,"""ShadowBan""",Other,0.359223301,0.011414582,0.153046062,0.008090615,0.018015347,0.040221918,0.541432019,0.930974456,0.005100174,0.003316706,0,4,1
297,"""SampleSize""",Discussion,1,0.03196001,0.004457652,0.000220653,0.001614612,0.003421329,0.501116902,0.528009425,0,0,0,0,2
298,"""LivingMas""",Lifestyle,1,0.029500811,0.041604755,0.002059429,0.003862023,0.005940631,0.510622155,0.537998957,0,0,9,9,3
299,"""DHExchange""",Technology,1,0.030207662,0.029717682,0.001471021,0.005131465,0.008773211,0.507541478,0.533899986,0,0,0,3,2
300,"""dankmemes""",Humor,0.241778937,0.007954357,0.175334324,0.009414534,0.0189162,0.044898899,0.548045603,0.958555016,0.009180041,0.00550352,0,4,2
301,"""WeAreTheMusicMakers""",Hobbies/Occupations,1,0.029655622,0.069836553,0.003456899,0.008216327,0.013435758,0.518090839,0.543837337,0,0,5,5,1
302,"""askadentist""",Discussion,1,0.03458898,0.007429421,0.000367755,0.002794173,0.004667326,0.50186428,0.528379556,0,0,0,0,7
303,"""ontario""",Other,1,0.030207662,0.029717682,0.001471021,0.005131465,0.008773211,0.507541478,0.533899986,0,0,0,3,2
304,"""EDM""",Entertainment,1,0.029655622,0.069836553,0.003456899,0.008216327,0.013435758,0.518090839,0.543837337,0,0,5,5,1
305,"""Surface""",Technology,0.434615385,0.01349782,0.156017831,0.008090615,0.022680783,0.040322831,0.542304593,0.894829648,0.004751539,0.002945235,6,2,8
306,"""engineer""",Defunct,1,0.03196001,0.004457652,0.000220653,0.001611358,0.003409874,0.501116902,0.528009425,0,0,1,10,6
307,"""OldSchoolCool""",General,1,0.029871807,0.023774146,0.001176817,0.003445781,0.00548773,0.506015038,0.532535664,0,0,7,7,0
308,"""javahelp""",Educational,1,0.031313524,0.008915305,0.000441306,0.001709736,0.003723598,0.502238806,0.528922363,0,0,5,5,7
309,"""MbtiTypeMe""",Lifestyle,1,0.030420205,0.038632987,0.001912327,0.002609413,0.005910418,0.509848485,0.535821573,0,0,4,6,11
310,"""chronotrigger""",Entertainment,1,0.029638104,0.092124814,0.004560165,0.015845069,0.022949492,0.524143302,0.549708819,0,0,3,2,8
311,"""Market76""",Entertainment,1,0.029411765,0.007429421,0.000367755,0.001600254,0.003405442,0.50186428,0.529047099,0,0,0,0,7
312,"""AskEngineers""",Discussion,1,0.03339759,0.007429421,0.000367755,0.002924546,0.004916778,0.50186428,0.528414128,0,0,2,0,7
313,"""mythbusters""",Entertainment,1,0.030460263,0.03268945,0.001618123,0.009133354,0.011872416,0.508308157,0.533921164,0,0,0,1,2
314,"""StarWars""",Entertainment,1,0.030460263,0.03268945,0.001618123,0.009133354,0.011872416,0.508308157,0.533921164,0,0,0,1,2
315,"""ActualPublicFreakouts""",Other,1,0.030314906,0.049034175,0.002427184,0.008532212,0.014245049,0.512566641,0.536628614,0,0,2,0,7
316,"""abortion""",Lifestyle,1,0.029914855,0.035661218,0.001765225,0.004283411,0.00847427,0.509077156,0.535372342,0,0,10,8,7
317,"""Advice""",Discussion,1,0.032410902,0.02526003,0.001250368,0.012489089,0.012987632,0.506395786,0.531466785,0,0,2,1,4
318,"""medicine""",Educational,1,0.029734867,0.135215453,0.006693145,0.100236933,0.080035792,0.53625498,0.555940724,0,0,1,1,4
319,"""fican""",Lifestyle,1,0.029734867,0.135215453,0.006693145,0.100236933,0.080035792,0.53625498,0.555940724,0,0,1,1,4
320,"""localgirlshookups""",Defunct,1,0.029805327,0.047548291,0.002353633,0.00503026,0.008509573,0.51217656,0.537970287,0,0,0,3,2
321,"""OutOfTheLoop""",Discussion,1,0.029702278,0.053491828,0.002647838,0.008332376,0.010526862,0.513740458,0.539486832,0,0,8,4,9
322,"""HotWheels""",Entertainment,1,0.029805327,0.047548291,0.002353633,0.00503026,0.008509573,0.51217656,0.537970287,0,0,0,3,2
323,"""DHgate""",Hobbies/Occupations,1,0.029655622,0.069836553,0.003456899,0.008216327,0.013435758,0.518090839,0.543837337,0,0,5,5,1
324,"""grindr""",Lifestyle,1,0.029850758,0.038632987,0.001912327,0.007117043,0.008763026,0.509848485,0.535537321,0,0,6,2,10
325,"""lookatmydog""",Animals,1,0.032297844,0.008915305,0.000441306,0.00390824,0.00529753,0.502238806,0.528873871,0,0,0,4,4
326,"""nattyorjuice""",Lifestyle,1,0.030804082,0.022288262,0.001103266,0.004843045,0.007024287,0.505634861,0.53121858,0,0,0,0,2
327,"""FlashTV""",Entertainment,1,0.029638104,0.092124814,0.004560165,0.015845069,0.022949492,0.524143302,0.549708819,0,0,3,2,8
328,"""AskMenOver30""",Discussion,1,0.029734867,0.135215453,0.006693145,0.100236933,0.080035792,0.53625498,0.555940724,0,0,1,1,4
329,"""paradoxpolitics""",Other,1,0.029500811,0.041604755,0.002059429,0.003862023,0.005940631,0.510622155,0.537998957,0,0,9,9,3
330,"""PersiaDidNothingWrong""",Humor,1,0.029500811,0.041604755,0.002059429,0.003862023,0.005940631,0.510622155,0.537998957,0,0,9,9,3
331,"""movies""",Entertainment,1,0.029805327,0.047548291,0.002353633,0.00503026,0.008509573,0.51217656,0.537970287,0,0,0,3,2
332,"""MinecraftMemes""",Humor,1,0.030460263,0.03268945,0.001618123,0.009133354,0.011872416,0.508308157,0.533921164,0,0,0,1,2
333,"""ABCDesis""",Other,1,0.029734867,0.135215453,0.006693145,0.100236933,0.080035792,0.53625498,0.555940724,0,0,1,1,4
334,"""DragonsDogma""",Entertainment,1,0.029638104,0.092124814,0.004560165,0.015845069,0.022949492,0.524143302,0.549708819,0,0,3,2,8
335,"""poker""",Hobbies/Occupations,1,0.031229323,0.023774146,0.001176817,0.006037712,0.009644018,0.506015038,0.532074396,0,0,2,0,7
336,"""rs2vietnam""",Entertainment,1,0.030314906,0.049034175,0.002427184,0.008532212,0.014245049,0.512566641,0.536628614,0,0,2,0,7
337,"""Gintama""",Entertainment,1,0.03078857,0.008915305,0.000441306,0.001933949,0.003911016,0.502238806,0.528977794,0,0,3,0,9
338,"""beards""",Lifestyle,0,0,0.001485884,7.36E-05,0.001531211,0.003275186,0.500371747,0.527388772,0,0,0,0,7
339,"""PartneredYoutube""",Hobbies/Occupations,1,0.029655622,0.069836553,0.003456899,0.008216327,0.013435758,0.518090839,0.543837337,0,0,5,5,1
340,"""lifting""",Lifestyle,1,0.030804082,0.022288262,0.001103266,0.004843045,0.007024287,0.505634861,0.53121858,0,0,0,0,2
341,"""TheDragonPrince""",Entertainment,1,0.030920226,0.010401189,0.000514857,0.001850868,0.0039373,0.502613891,0.529324502,0,0,0,4,2
342,"""RecruitCS""",Hobbies/Occupations,1,0.030559102,0.013372957,0.000661959,0.003015271,0.004737554,0.503365744,0.529741151,0,0,0,4,2
343,"""neuroscience""",Educational,1,0.029734867,0.135215453,0.006693145,0.100236933,0.080035792,0.53625498,0.555940724,0,0,1,1,4
344,"""Games""",Entertainment,0.545747423,0.016364159,0.144130758,0.007208002,0.022423252,0.033162235,0.538831065,0.745212211,0.003912366,0.002759499,3,4,8
345,"""history""",Educational,1,0.029914855,0.035661218,0.001765225,0.004283411,0.00847427,0.509077156,0.535372342,0,0,10,8,7
346,"""goodanimemes""",Humor,1,0.030314906,0.049034175,0.002427184,0.008532212,0.014245049,0.512566641,0.536628614,0,0,2,0,7
347,"""econhw""",Educational,1,0.029638104,0.092124814,0.004560165,0.015845069,0.022949492,0.524143302,0.549708819,0,0,3,2,8
348,"""VideoGameDealsCanada""",Other,0.869742198,0.026593174,0.099554235,0.005148573,0.018281207,0.032356936,0.526192338,0.735564106,0.00024372,0.000106135,3,2,8
349,"""bootroom""",Hobbies/Occupations,1,0.029734867,0.135215453,0.006693145,0.100236933,0.080035792,0.53625498,0.555940724,0,0,1,1,4
350,"""HeistTeams""",Hobbies/Occupations,1,0.034321012,0.011887073,0.000588408,0.003215061,0.006737232,0.502989537,0.529093993,0,0,4,0,11
351,"""youtube""",Entertainment,0.602442334,0.01875929,0.099554235,0.005148573,0.010703839,0.023452312,0.526192338,0.733726336,0.00095508,0.000386949,4,6,1
352,"""eagles""",Entertainment,1,0.03339759,0.007429421,0.000367755,0.002924546,0.004916778,0.50186428,0.528414128,0,0,2,0,7
353,"""footballhighlights""",Entertainment,1,0.029638104,0.092124814,0.004560165,0.015845069,0.022949492,0.524143302,0.549708819,0,0,3,2,8
354,"""Twitch""",Entertainment,0.670731707,0.023567076,0.060921248,0.003604001,0.006122804,0.015997583,0.515708812,0.728737387,0.000132668,8.84E-05,4,6,11
355,"""PickAnAndroidForMe""",Technology,1,0.030185346,0.023774146,0.001176817,0.005784868,0.007366716,0.506015038,0.532367162,0,0,1,10,6
356,"""news""",Other,1,0.029805327,0.047548291,0.002353633,0.00503026,0.008509573,0.51217656,0.537970287,0,0,0,3,2
357,"""Warframe""",Entertainment,1,0.029850758,0.038632987,0.001912327,0.007117043,0.008763026,0.509848485,0.535537321,0,0,6,2,10
358,"""friends_tv_show""",Entertainment,1,0.033903225,0.007429421,0.000367755,0.001841336,0.004039125,0.50186428,0.528368691,0,0,0,0,1
359,"""edge""",Technology,1,0.029638104,0.092124814,0.004560165,0.015845069,0.022949492,0.524143302,0.549708819,0,0,3,2,8
360,"""ifyoulikeblank""",Other,0.771967655,0.023875341,0.157503715,0.008237717,0.102094023,0.092470583,0.542741935,0.742461713,0.00076626,0.000418853,1,1,4
361,"""iRacing""",Entertainment,0.831831832,0.027173367,0.054977712,0.003015593,0.008968536,0.021979386,0.514132926,0.724102685,8.43E-05,3.18E-05,2,0,7
362,"""CanadaCoronavirus""",Other,1,0.029734867,0.135215453,0.006693145,0.100236933,0.080035792,0.53625498,0.555940724,0,0,1,1,4
363,"""askdentists""",Discussion,1,0.03458898,0.007429421,0.000367755,0.002794173,0.004667326,0.50186428,0.528379556,0,0,0,0,7
364,"""LoveForLandlords""",Other,1,0.029500811,0.041604755,0.002059429,0.003862023,0.005940631,0.510622155,0.537998957,0,0,9,9,3
365,"""entj""",Lifestyle,1,0.030420205,0.038632987,0.001912327,0.002609413,0.005910418,0.509848485,0.535821573,0,0,4,6,11
366,"""Microbiome""",Educational,1,0.030687123,0.023774146,0.001176817,0.005037608,0.008775502,0.506015038,0.532379548,0,0,0,0,7
367,"""Veterinary""",Hobbies/Occupations,0,0,0.001485884,7.36E-05,0.001531211,0.003275186,0.500371747,0.527388772,0,0,0,0,7
368,"""Gold""",Other,1,0.031229323,0.023774146,0.001176817,0.006037712,0.009644018,0.506015038,0.532074396,0,0,2,0,7
369,"""NoStupidQuestions""",Discussion,0.906116643,0.027409791,0.056463596,0.002868491,0.00852782,0.01422518,0.514525994,0.726312453,9.58E-05,5.75E-05,8,4,9
370,"""AskAmericans""",Discussion,1,0.031026995,0.031203566,0.001544572,0.010236923,0.013310611,0.507924528,0.533497916,0,0,2,3,5
371,"""CovIdiots""",Other,1,0.029638104,0.092124814,0.004560165,0.015845069,0.022949492,0.524143302,0.549708819,0,0,3,2,8
372,"""nsfw_zhentai""",NSFW,1,0.029805327,0.047548291,0.002353633,0.00503026,0.008509573,0.51217656,0.537970287,0,0,0,3,2
373,"""ShitPostCrusaders""",Humor,1,0.029702278,0.053491828,0.002647838,0.008332376,0.010526862,0.513740458,0.539486832,0,0,8,4,9
374,"""expats""",Lifestyle,1,0.029734867,0.135215453,0.006693145,0.100236933,0.080035792,0.53625498,0.555940724,0,0,1,1,4
375,"""space""",Educational,1,0.029734867,0.135215453,0.006693145,0.100236933,0.080035792,0.53625498,0.555940724,0,0,1,1,4
376,"""wargame""",Entertainment,1,0.029500811,0.041604755,0.002059429,0.003862023,0.005940631,0.510622155,0.537998957,0,0,9,9,3
377,"""GuestBlogging""",Hobbies/Occupations,1,0.029914855,0.035661218,0.001765225,0.004283411,0.00847427,0.509077156,0.535372342,0,0,10,8,7
378,"""GamingLaptops""",Technology,1,0.029411765,0.004457652,0.000220653,0.001564971,0.003339044,0.501116902,0.528216634,0,0,0,0,7
379,"""AskMen""",Entertainment,0.624229692,0.019866641,0.178306092,0.009635187,0.102992807,0.101342415,0.548939641,0.837309281,0.003166757,0.001130775,4,6,4
380,"""LSAT""",Educational,1,0.029734867,0.135215453,0.006693145,0.100236933,0.080035792,0.53625498,0.555940724,0,0,1,1,4
381,"""pokemongo""",Entertainment,1,0.029411765,0.007429421,0.000367755,0.001600254,0.003405442,0.50186428,0.529047099,0,0,0,0,7
382,"""bapcsalescanada""",Other,0.895238095,0.030816404,0.022288262,0.001250368,0.006077369,0.015419681,0.505634861,0.719732946,1.14E-05,0,1,0,7
383,"""Accounting""",Hobbies/Occupations,0.692307692,0.02749231,0.020802377,0.001176817,0.00727782,0.017175696,0.505255255,0.717431197,3.05E-05,4.42E-06,2,0,7
384,"""TheOriginals""",Entertainment,1,0.030804082,0.022288262,0.001103266,0.004843045,0.007024287,0.505634861,0.53121858,0,0,0,0,2
385,"""mbti""",Lifestyle,0.498039216,0.018243311,0.075780089,0.004633716,0.006516328,0.023091863,0.51969112,0.826935276,0.000499317,0.000376999,4,6,11
386,"""LockdownSkepticism""",Other,1,0.029734867,0.135215453,0.006693145,0.100236933,0.080035792,0.53625498,0.555940724,0,0,1,1,4
387,"""bapccanada""",Technology,1,0.030314906,0.049034175,0.002427184,0.008532212,0.014245049,0.512566641,0.536628614,0,0,2,0,7
388,"""acne""",Lifestyle,1,0.030687123,0.023774146,0.001176817,0.005037608,0.008775502,0.506015038,0.532379548,0,0,0,0,7
389,"""trees""",Lifestyle,1,0.029501177,0.028231798,0.00139747,0.001985645,0.004115892,0.507159005,0.53450943,0,0,7,7,0
390,"""domyhomeworkforme""",Defunct,1,0.032410902,0.02526003,0.001250368,0.012489089,0.012987632,0.506395786,0.531466785,0,0,2,1,4
391,"""GlobalOffensiveTrade""",Entertainment,1,0.030185346,0.023774146,0.001176817,0.005784868,0.007366716,0.506015038,0.532367162,0,0,1,10,6
392,"""golf""",Hobbies/Occupations,1,0.035848635,0.014858841,0.00073551,0.005907172,0.009813359,0.503742515,0.528990023,0,0,2,0,7
393,"""MRU""",Educational,0.290598291,0.013200326,0.040118871,0.002574287,0.010096717,0.037129576,0.510235027,0.963850153,0.000400223,0.000143724,0,0,7
394,"""PoliticalHumor""",Humor,1,0.030314906,0.049034175,0.002427184,0.008532212,0.014245049,0.512566641,0.536628614,0,0,2,0,7
395,"""AskAcademia""",Discussion,1,0.031026995,0.031203566,0.001544572,0.010236923,0.013310611,0.507924528,0.533497916,0,0,2,3,5
396,"""shield""",Entertainment,1,0.029638104,0.092124814,0.004560165,0.015845069,0.022949492,0.524143302,0.549708819,0,0,3,2,8
397,"""saxophone""",Hobbies/Occupations,1,0.029805327,0.047548291,0.002353633,0.00503026,0.008509573,0.51217656,0.537970287,0,0,0,3,2
398,"""SkincareAddiction""",Lifestyle,0.742690058,0.024438839,0.028231798,0.001544572,0.005155636,0.015512016,0.507159005,0.816980446,8.20E-05,2.65E-05,0,0,7
399,"""oneplus""",Technology,1,0.031973696,0.020802377,0.001029715,0.006083216,0.008552975,0.505255255,0.529956677,0,0,0,0,2
400,"""PersonalFinanceCanada""",Lifestyle,0.486300645,0.016682854,0.205052006,0.012356575,0.105150137,0.138308888,0.557119205,0.995601219,0.004465334,0.002915742,2,0,4
401,"""INTJexperience""",Lifestyle,1,0.030420205,0.038632987,0.001912327,0.002609413,0.005910418,0.509848485,0.535821573,0,0,4,6,11
402,"""techsupport""",Hobbies/Occupations,0.511925983,0.015599108,0.228826152,0.011621065,0.110972155,0.105827408,0.564597315,0.847146358,0.005988777,0.003144237,3,1,4
403,"""PhysicsHelp""",Educational,1,0.029734867,0.135215453,0.006693145,0.100236933,0.080035792,0.53625498,0.555940724,0,0,1,1,4
404,"""LoveForLawEnforcement""",Other,1,0.029500811,0.041604755,0.002059429,0.003862023,0.005940631,0.510622155,0.537998957,0,0,9,9,3
405,"""HikingAlberta""",Hobbies/Occupations,1,0.031014599,0.020802377,0.001029715,0.005785744,0.008796781,0.505255255,0.531650569,0,0,1,0,7
406,"""insaneparents""",Other,1,0.029850758,0.038632987,0.001912327,0.007117043,0.008763026,0.509848485,0.535537321,0,0,6,2,10
407,"""Endgame""",Entertainment,1,0.030460263,0.03268945,0.001618123,0.009133354,0.011872416,0.508308157,0.533921164,0,0,0,1,2
408,"""bodyweightfitness""",Lifestyle,0.787528006,0.023761199,0.154531947,0.007796411,0.101398685,0.086243242,0.541867955,0.739345033,0.001325805,0.000601429,0,1,4
409,"""ENFP""",Lifestyle,1,0.030420205,0.038632987,0.001912327,0.002609413,0.005910418,0.509848485,0.535821573,0,0,4,6,11
410,"""Nioh""",Entertainment,1,0.029702278,0.053491828,0.002647838,0.008332376,0.010526862,0.513740458,0.539486832,0,0,8,4,9
411,"""TimAndEric""",Entertainment,1,0.030207662,0.029717682,0.001471021,0.005131465,0.008773211,0.507541478,0.533899986,0,0,0,3,2
412,"""sex""",Lifestyle,1,0.029805327,0.047548291,0.002353633,0.00503026,0.008509573,0.51217656,0.537970287,0,0,0,3,2
413,"""GirlGamers""",Other,1,0.031026995,0.031203566,0.001544572,0.010236923,0.013310611,0.507924528,0.533497916,0,0,2,3,5
414,"""FashionReps""",Lifestyle,0.636700159,0.019545497,0.092124814,0.004780818,0.010040096,0.022219531,0.524143302,0.828411221,0.001408856,0.000928678,7,5,1
415,"""MonsterHunterWorld""",Entertainment,1,0.030559102,0.013372957,0.000661959,0.003015271,0.004737554,0.503365744,0.529741151,0,0,0,4,2
416,"""tropico""",Entertainment,1,0.029500811,0.041604755,0.002059429,0.003862023,0.005940631,0.510622155,0.537998957,0,0,9,9,3
417,"""Watches""",Lifestyle,1,0.029871807,0.023774146,0.001176817,0.003445781,0.00548773,0.506015038,0.532535664,0,0,7,7,0
418,"""insects""",Animals,1,0.031229323,0.023774146,0.001176817,0.006037712,0.009644018,0.506015038,0.532074396,0,0,2,0,7
419,"""CanadianInvestor""",Lifestyle,0.56292517,0.01846648,0.072808321,0.003971756,0.011613936,0.029935074,0.518889746,0.823088168,0.000654655,0.00036926,2,0,7
420,"""uAlberta""",Educational,1,0.029933787,0.135215453,0.006766696,0.100236933,0.083279956,0.53625498,0.735842044,0,0,1,1,4
421,"""teslamotors""",Technology,1,0.029655622,0.069836553,0.003456899,0.008216327,0.013435758,0.518090839,0.543837337,0,0,5,5,1
422,"""TheSilphRoad""",Entertainment,1,0.030207662,0.029717682,0.001471021,0.005131465,0.008773211,0.507541478,0.533899986,0,0,0,3,2
423,"""Brampton""",Other,1,0.029734867,0.135215453,0.006693145,0.100236933,0.080035792,0.53625498,0.555940724,0,0,1,1,4
424,"""rayban""",Lifestyle,1,0.030673642,0.069836553,0.003677552,0.008216327,0.017104273,0.518090839,0.730015321,0,0,5,5,1
425,"""medicalschool""",Educational,1,0.029734867,0.135215453,0.006693145,0.100236933,0.080035792,0.53625498,0.555940724,0,0,1,1,4
426,"""pokemon""",Entertainment,1,0.030920226,0.010401189,0.000514857,0.001850868,0.0039373,0.502613891,0.529324502,0,0,0,4,2
427,"""AskProfessors""",Discussion,1,0.029850758,0.038632987,0.001912327,0.007117043,0.008763026,0.509848485,0.535537321,0,0,6,2,10
428,"""FortNiteBR""",Entertainment,1,0.029655622,0.069836553,0.003456899,0.008216327,0.013435758,0.518090839,0.543837337,0,0,5,5,1
429,"""holdmycosmo""",Humor,1,0.031973696,0.020802377,0.001029715,0.006083216,0.008552975,0.505255255,0.529956677,0,0,0,0,2
430,"""Guitar""",Hobbies/Occupations,1,0.031313524,0.008915305,0.000441306,0.001709736,0.003723598,0.502238806,0.528922363,0,0,5,5,7
431,"""TheBoys""",Entertainment,1,0.029500811,0.041604755,0.002059429,0.003862023,0.005940631,0.510622155,0.537998957,0,0,9,9,3
432,"""ReptimeBST""",Other,1,0.029655622,0.069836553,0.003456899,0.008216327,0.013435758,0.518090839,0.543837337,0,0,5,5,1
433,"""lawschooladmissions""",Educational,1,0.029734867,0.135215453,0.006693145,0.100236933,0.080035792,0.53625498,0.555940724,0,0,1,1,4
434,"""AskDocs""",Discussion,1,0.029914855,0.035661218,0.001765225,0.004283411,0.00847427,0.509077156,0.535372342,0,0,10,8,7
435,"""ios""",Technology,1,0.029638104,0.092124814,0.004560165,0.015845069,0.022949492,0.524143302,0.549708819,0,0,3,2,8
436,"""fo76""",Entertainment,1,0.029411765,0.007429421,0.000367755,0.001600254,0.003405442,0.50186428,0.529047099,0,0,0,0,7
437,"""BikiniBottomTwitter""",Humor,1,0.029702278,0.053491828,0.002647838,0.008332376,0.010526862,0.513740458,0.539486832,0,0,8,4,9
438,"""fuckramos""",Humor,1,0.029638104,0.092124814,0.004560165,0.015845069,0.022949492,0.524143302,0.549708819,0,0,3,2,8
439,"""blackopscoldwar""",Entertainment,0.456302521,0.014891864,0.126300149,0.0070609,0.011205075,0.029034836,0.53370341,0.835836088,0.002838968,0.002144803,4,6,1
440,"""xbox""",Entertainment,1,0.030420205,0.038632987,0.001912327,0.002609413,0.005910418,0.509848485,0.535821573,0,0,4,6,11
441,"""potplayer""",Technology,1,0.030207662,0.029717682,0.001471021,0.005131465,0.008773211,0.507541478,0.533899986,0,0,0,3,2
442,"""macgaming""",Entertainment,1,0.031519132,0.020802377,0.001029715,0.003504275,0.0073802,0.505255255,0.531321782,0,0,4,6,11
443,"""SeishunButaYarou""",Entertainment,1,0.029702278,0.053491828,0.002647838,0.008332376,0.010526862,0.513740458,0.539486832,0,0,8,4,9
444,"""unexpectedhogwarts""",Humor,1,0.029638104,0.092124814,0.004560165,0.015845069,0.022949492,0.524143302,0.549708819,0,0,3,2,8
445,"""ImmigrationCanada""",Lifestyle,0.756989247,0.023345528,0.046062407,0.002353633,0.011538809,0.015577485,0.511787072,0.722026727,0.000119914,0,6,2,10
446,"""6thForm""",Educational,1,0.031914858,0.019316493,0.000956164,0.004791244,0.008355734,0.504876219,0.530484166,0,0,2,0,7
447,"""uwaterloo""",Educational,0.585014764,0.017942488,0.190193165,0.009782289,0.103887944,0.09407809,0.552545156,0.840708661,0.003572959,0.0019259,1,4,4
448,"""HunterXHunter""",Entertainment,1,0.031432973,0.034175334,0.001691674,0.005621568,0.010238693,0.508692366,0.533216124,0,0,4,6,11
449,"""FreeKarma4U""",Other,0.597597598,0.019502738,0.054977712,0.002868491,0.018807656,0.024626794,0.514132926,0.72422819,0.000254924,0.000144461,2,1,2
450,"""CheggAnswers""",Educational,1,0.032410902,0.02526003,0.001250368,0.012489089,0.012987632,0.506395786,0.531466785,0,0,2,1,4
451,"""Steam""",Entertainment,1,0.030314906,0.049034175,0.002427184,0.008532212,0.014245049,0.512566641,0.536628614,0,0,2,0,7
452,"""optometry""",Educational,0.771967655,0.023875341,0.157503715,0.008237717,0.102094023,0.092470583,0.542741935,0.742461713,0.00076626,0.000418853,1,1,4
453,"""EngineeringStudents""",Educational,0.642857143,0.022879748,0.011887073,0.000661959,0.002866595,0.008025662,0.502989537,0.717408704,2.00E-05,0,5,5,7
454,"""medicalschoolEU""",Educational,1,0.029734867,0.135215453,0.006693145,0.100236933,0.080035792,0.53625498,0.555940724,0,0,1,1,4
455,"""Zoom""",Technology,1,0.031026995,0.031203566,0.001544572,0.010236923,0.013310611,0.507924528,0.533497916,0,0,2,3,5
456,"""askwomenadvice""",Discussion,1,0.031229323,0.023774146,0.001176817,0.006037712,0.009644018,0.506015038,0.532074396,0,0,2,0,7
457,"""Silverbugs""",Hobbies/Occupations,1,0.031229323,0.023774146,0.001176817,0.006037712,0.009644018,0.506015038,0.532074396,0,0,2,0,7
458,"""UberEATS""",Technology,1,0.029655622,0.069836553,0.003456899,0.008216327,0.013435758,0.518090839,0.543837337,0,0,5,5,1
459,"""entp""",Lifestyle,0.555555556,0.020242549,0.068350669,0.00419241,0.006298971,0.022460849,0.517692308,0.825076649,0.000375672,0.000256492,4,6,11
460,"""CaneCorso""",Animals,1,0.032297844,0.008915305,0.000441306,0.00390824,0.00529753,0.502238806,0.528873871,0,0,0,4,4
461,"""costochondritis""",Lifestyle,1,0.03458898,0.007429421,0.000367755,0.002794173,0.004667326,0.50186428,0.528379556,0,0,0,0,7
462,"""MBA""",Educational,1,0.029702278,0.053491828,0.002647838,0.008332376,0.010526862,0.513740458,0.539486832,0,0,8,4,9
463,"""nba""",Other,0.621688959,0.018868353,0.184249629,0.009340983,0.103721128,0.089712952,0.550736498,0.746935296,0.002853602,0.001465984,1,4,4
464,"""jackstauber""",Entertainment,1,0.029501177,0.028231798,0.00139747,0.001985645,0.004115892,0.507159005,0.53450943,0,0,7,7,0
465,"""jurassicworldevo""",Entertainment,1,0.030207662,0.029717682,0.001471021,0.005131465,0.008773211,0.507541478,0.533899986,0,0,0,3,2
466,"""Harvard""",Educational,1,0.029655622,0.069836553,0.003456899,0.008216327,0.013435758,0.518090839,0.543837337,0,0,5,5,1
467,"""Monitors""",Technology,1,0.033886918,0.005943536,0.000294204,0.001803526,0.003979775,0.501490313,0.528275867,0,0,2,0,7
468,"""neuro""",Educational,1,0.029734867,0.135215453,0.006693145,0.100236933,0.080035792,0.53625498,0.555940724,0,0,1,1,4
469,"""Cow""",Animals,1,0.031014599,0.020802377,0.001029715,0.005785744,0.008796781,0.505255255,0.531650569,0,0,1,0,7
470,"""GiftofGames""",Entertainment,1,0.031519132,0.020802377,0.001029715,0.003504275,0.0073802,0.505255255,0.531321782,0,0,4,6,11
471,"""SurreyBC""",Other,1,0.029734867,0.135215453,0.006693145,0.100236933,0.080035792,0.53625498,0.555940724,0,0,1,1,4
472,"""velvethippos""",Animals,1,0.032297844,0.008915305,0.000441306,0.00390824,0.00529753,0.502238806,0.528873871,0,0,0,4,4
473,"""travel""",Hobbies/Occupations,1,0.036763332,0.007429421,0.000367755,0.003090998,0.006203924,0.50186428,0.528436209,0,0,6,0,7
474,"""IWantToLearn""",Educational,1,0.030420205,0.038632987,0.001912327,0.002609413,0.005910418,0.509848485,0.535821573,0,0,4,6,11
475,"""memes""",Humor,0.30964591,0.010570966,0.135215453,0.007502207,0.016513879,0.044114826,0.53625498,0.95267513,0.003589123,0.00170405,0,0,2
476,"""formula1""",Entertainment,1,0.029871807,0.023774146,0.001176817,0.003445781,0.00548773,0.506015038,0.532535664,0,0,7,7,0
477,"""translator""",Hobbies/Occupations,1,0.029411765,0.004457652,0.000220653,0.001564971,0.003339044,0.501116902,0.528216634,0,0,0,0,7
478,"""trollingforababy""",Humor,1,0.029914855,0.035661218,0.001765225,0.004283411,0.00847427,0.509077156,0.535372342,0,0,10,8,7
479,"""vagabondmanga""",Entertainment,1,0.029702278,0.053491828,0.002647838,0.008332376,0.010526862,0.513740458,0.539486832,0,0,8,4,9
480,"""PS4""",Entertainment,1,0.031914858,0.019316493,0.000956164,0.004791244,0.008355734,0.504876219,0.530484166,0,0,2,0,7
481,"""CrusaderKings""",Entertainment,1,0.029501177,0.028231798,0.00139747,0.001985645,0.004115892,0.507159005,0.53450943,0,0,7,7,0
482,"""Toyota""",Hobbies/Occupations,1,0.033886918,0.005943536,0.000294204,0.001803526,0.003979775,0.501490313,0.528275867,0,0,2,0,7
483,"""UnresolvedMysteries""",Discussion,1,0.029805327,0.047548291,0.002353633,0.00503026,0.008509573,0.51217656,0.537970287,0,0,0,3,2
484,"""DentalSchool""",Educational,0.771967655,0.023875341,0.157503715,0.008237717,0.102094023,0.092470583,0.542741935,0.742461713,0.00076626,0.000418853,1,1,4
485,"""AmongUs""",Entertainment,0.561904762,0.018238174,0.022288262,0.001176817,0.003315884,0.008593459,0.505634861,0.719710308,8.70E-05,5.53E-05,0,4,2
486,"""Persona5""",Entertainment,1,0.029702278,0.053491828,0.002647838,0.008332376,0.010526862,0.513740458,0.539486832,0,0,8,4,9
487,"""musicproduction""",Hobbies/Occupations,1,0.031519132,0.020802377,0.001029715,0.003504275,0.0073802,0.505255255,0.531321782,0,0,4,6,11
488,"""germany""",Other,0.861538462,0.026545806,0.038632987,0.001985878,0.005413094,0.012731758,0.509848485,0.722802184,7.99E-05,0,10,8,7
489,"""Egypt""",Other,1,0.030185346,0.023774146,0.001176817,0.005784868,0.007366716,0.506015038,0.532367162,0,0,1,10,6
490,"""russia""",Other,1,0.039738942,0.008915305,0.000441306,0.003399689,0.007081462,0.502238806,0.527942712,0,0,0,0,7
491,"""StardustCrusaders""",Entertainment,1,0.029702278,0.053491828,0.002647838,0.008332376,0.010526862,0.513740458,0.539486832,0,0,8,4,9
492,"""PoliticalScience""",Educational,1,0.029914855,0.035661218,0.001765225,0.004283411,0.00847427,0.509077156,0.535372342,0,0,10,8,7
493,"""MurderedByWords""",Other,0.723603604,0.022095742,0.111441308,0.005736981,0.01654519,0.031427307,0.529504327,0.739585596,0.00084775,0.000636807,3,2,8
494,"""makinghiphop""",Hobbies/Occupations,1,0.031519132,0.020802377,0.001029715,0.003504275,0.0073802,0.505255255,0.531321782,0,0,4,6,11
495,"""FACEITEnhancer""",Technology,1,0.030185346,0.023774146,0.001176817,0.005784868,0.007366716,0.506015038,0.532367162,0,0,1,10,6
496,"""theivyleague""",Entertainment,1,0.029734867,0.135215453,0.006693145,0.100236933,0.080035792,0.53625498,0.555940724,0,0,1,1,4
497,"""FIFA""",Entertainment,0.7,0.022311093,0.031203566,0.001618123,0.010220702,0.014194277,0.507924528,0.720095345,7.03E-05,0,1,10,6
498,"""OculusQuest""",Technology,1,0.063365726,0.002971768,0.000147102,0.002805439,0.004735255,0.500744048,0.527430104,0,0,0,0,7
499,"""korea""",Other,1,0.051368743,0.004457652,0.000220653,0.002963505,0.006000882,0.501116902,0.527814553,0,0,6,0,7
500,"""DarkHumorAndMemes""",Humor,1,0.030804082,0.022288262,0.001103266,0.004843045,0.007024287,0.505634861,0.53121858,0,0,0,0,2
501,"""Autoflowers""",Lifestyle,1,0.031229323,0.023774146,0.001176817,0.006037712,0.009644018,0.506015038,0.532074396,0,0,2,0,7
502,"""internetparents""",Discussion,1,0.029850758,0.038632987,0.001912327,0.007117043,0.008763026,0.509848485,0.535537321,0,0,6,2,10
503,"""forhire""",Hobbies/Occupations,0.887346939,0.02665127,0.074294205,0.003751103,0.008269346,0.016779451,0.519290123,0.73064936,0.000305137,0.000232169,5,5,1
504,"""Spanish""",Educational,1,0.029805327,0.047548291,0.002353633,0.00503026,0.008509573,0.51217656,0.537970287,0,0,0,3,2
505,"""doordash_drivers""",Entertainment,1,0.030460263,0.03268945,0.001618123,0.009133354,0.011872416,0.508308157,0.533921164,0,0,0,1,2
506,"""antinatalism""",Lifestyle,1,0.029914855,0.035661218,0.001765225,0.004283411,0.00847427,0.509077156,0.535372342,0,0,10,8,7
507,"""stanford""",Educational,1,0.030460263,0.03268945,0.001618123,0.009133354,0.011872416,0.508308157,0.533921164,0,0,0,1,2
508,"""eu4""",Entertainment,1,0.029500811,0.041604755,0.002059429,0.003862023,0.005940631,0.510622155,0.537998957,0,0,9,9,3
509,"""ParadoxExtra""",Entertainment,1,0.029500811,0.041604755,0.002059429,0.003862023,0.005940631,0.510622155,0.537998957,0,0,9,9,3
510,"""canada""",Other,0.436379691,0.013796677,0.224368499,0.011915269,0.105560561,0.115805706,0.563179916,0.935412027,0.007336864,0.003639532,0,0,4
511,"""terriblefandommemes""",Humor,1,0.029702278,0.053491828,0.002647838,0.008332376,0.010526862,0.513740458,0.539486832,0,0,8,4,9
512,"""toronto""",Other,1,0.029734867,0.135215453,0.006693145,0.100236933,0.080035792,0.53625498,0.555940724,0,0,1,1,4
513,"""college""",Educational,0.749048114,0.023263724,0.160475483,0.00845837,0.102082948,0.095692276,0.54361874,0.834971923,0.000984952,0.000526251,1,1,4
514,"""Angryupvote""",Other,1,0.029638104,0.092124814,0.004560165,0.015845069,0.022949492,0.524143302,0.549708819,0,0,3,2,8
515,"""whatsthisbug""",Animals,1,0.029850758,0.038632987,0.001912327,0.007117043,0.008763026,0.509848485,0.535537321,0,0,6,2,10
516,"""Banking""",Discussion,1,0.029850758,0.038632987,0.001912327,0.007117043,0.008763026,0.509848485,0.535537321,0,0,6,2,10
517,"""isfp""",Lifestyle,1,0.030420205,0.038632987,0.001912327,0.002609413,0.005910418,0.509848485,0.535821573,0,0,4,6,11
518,"""Animemes""",Entertainment,0.558673469,0.01792255,0.072808321,0.003824654,0.011716595,0.02459058,0.518889746,0.821635046,0.000637532,0.000269759,0,0,7
519,"""askscience""",Discussion,0.853432282,0.025562967,0.147102526,0.007355104,0.100663209,0.083977965,0.539695269,0.737858937,0.001273861,0.00056384,0,1,4
520,"""GoldHunt""",Entertainment,1,0.039970996,0.004457652,0.000220653,0.001801316,0.003833055,0.501116902,0.527664438,0,0,0,0,9
521,"""PoliticalCompassMemes""",Humor,0.427129061,0.013499679,0.101040119,0.005222124,0.013596107,0.029441314,0.526604069,0.828037496,0.002332947,0.001240448,2,0,3
522,"""india""",Other,0.641460235,0.02011105,0.175334324,0.009340983,0.103040102,0.098593552,0.548045603,0.836788738,0.001968248,0.000947104,0,1,4
523,"""amiugly""",General,1,0.032410902,0.02526003,0.001250368,0.012489089,0.012987632,0.506395786,0.531466785,0,0,2,1,4
524,"""Periods""",Lifestyle,0,0,0.001485884,7.36E-05,0.001531211,0.003275186,0.500371747,0.527388772,0,0,0,0,7
525,"""relationships""",Lifestyle,1,0.030804082,0.022288262,0.001103266,0.004843045,0.007024287,0.505634861,0.53121858,0,0,0,0,2
526,"""istp""",Lifestyle,0.670731707,0.023567076,0.060921248,0.003604001,0.006122804,0.015997583,0.515708812,0.728737387,0.000132668,8.84E-05,4,6,11
527,"""actuallesbians""",Lifestyle,1,0.030920226,0.010401189,0.000514857,0.001850868,0.0039373,0.502613891,0.529324502,0,0,0,4,2
528,"""loseit""",Lifestyle,1,0.029914855,0.035661218,0.001765225,0.004283411,0.00847427,0.509077156,0.535372342,0,0,10,8,7
529,"""mbtimemes""",Humor,1,0.030420205,0.038632987,0.001912327,0.002609413,0.005910418,0.509848485,0.535821573,0,0,4,6,11
530,"""neoliberal""",Other,1,0.029500811,0.041604755,0.002059429,0.003862023,0.005940631,0.510622155,0.537998957,0,0,9,9,3
531,"""rareinsults""",Other,1,0.029871807,0.023774146,0.001176817,0.003445781,0.00548773,0.506015038,0.532535664,0,0,7,7,0
532,"""Art""",Educational,1,0.030185346,0.023774146,0.001176817,0.005784868,0.007366716,0.506015038,0.532367162,0,0,1,10,6
533,"""relationship_advice""",Discussion,1,0.037238648,0.005943536,0.000294204,0.002902291,0.004940811,0.501490313,0.52798181,0,0,0,0,7
534,"""referralcodes""",Other,1,0.050571831,0.005943536,0.000294204,0.004169938,0.007419301,0.501490313,0.527659368,0,0,6,0,7
535,"""Ergonomics""",Lifestyle,1,0.031026995,0.031203566,0.001544572,0.010236923,0.013310611,0.507924528,0.533497916,0,0,2,3,5
536,"""studyAbroad""",Educational,1,0.034698324,0.007429421,0.000367755,0.00293426,0.004846823,0.50186428,0.528137678,0,0,0,0,7
537,"""Anxiety""",Discussion,1,0.030687123,0.023774146,0.001176817,0.005037608,0.008775502,0.506015038,0.532379548,0,0,0,0,7
538,"""predental""",Educational,0.771967655,0.023875341,0.157503715,0.008237717,0.102094023,0.092470583,0.542741935,0.742461713,0.00076626,0.000418853,1,1,4
539,"""dragonage""",Entertainment,1,0.029501177,0.028231798,0.00139747,0.001985645,0.004115892,0.507159005,0.53450943,0,0,7,7,0
540,"""buildmeapc""",Technology,1,0.029914855,0.035661218,0.001765225,0.004283411,0.00847427,0.509077156,0.535372342,0,0,10,8,7
541,"""careerguidance""",Discussion,0.865594723,0.027195145,0.147102526,0.007943513,0.10137048,0.092150637,0.539695269,0.740939081,0.00027727,0.000157875,1,1,4
542,"""slavelabour""",Hobbies/Occupations,1,0.030673642,0.069836553,0.003677552,0.008216327,0.017104273,0.518090839,0.730015321,0,0,5,5,1
543,"""mcgill""",Educational,1,0.031509483,0.014858841,0.00073551,0.003381151,0.00678209,0.503742515,0.530393583,0,0,0,4,7
544,"""puppy101""",Animals,1,0.031914858,0.019316493,0.000956164,0.004791244,0.008355734,0.504876219,0.530484166,0,0,2,0,7
545,"""insanepeoplefacebook""",Entertainment,1,0.030687123,0.023774146,0.001176817,0.005037608,0.008775502,0.506015038,0.532379548,0,0,0,0,7
546,"""FACEITcom""",Entertainment,1,0.030185346,0.023774146,0.001176817,0.005784868,0.007366716,0.506015038,0.532367162,0,0,1,10,6
547,"""Sneakers""",Lifestyle,1,0.029655622,0.069836553,0.003456899,0.008216327,0.013435758,0.518090839,0.543837337,0,0,5,5,1
548,"""pathofexile""",Entertainment,1,0.031014599,0.020802377,0.001029715,0.005785744,0.008796781,0.505255255,0.531650569,0,0,1,0,7
549,"""FortNiteLFG""",Entertainment,1,0.029655622,0.069836553,0.003456899,0.008216327,0.013435758,0.518090839,0.543837337,0,0,5,5,1
550,"""GamingLeaksAndRumours""",Entertainment,1,0.029638104,0.092124814,0.004560165,0.015845069,0.022949492,0.524143302,0.549708819,0,0,3,2,8
551,"""PhotoshopRequest""",Hobbies/Occupations,1,0.032410902,0.02526003,0.001250368,0.012489089,0.012987632,0.506395786,0.531466785,0,0,2,1,4
552,"""nbadiscussion""",Discussion,1,0.029734867,0.135215453,0.006693145,0.100236933,0.080035792,0.53625498,0.555940724,0,0,1,1,4
553,"""Nelk""",Entertainment,1,0.029655622,0.069836553,0.003456899,0.008216327,0.013435758,0.518090839,0.543837337,0,0,5,5,1
554,"""infj""",Lifestyle,1,0.030420205,0.038632987,0.001912327,0.002609413,0.005910418,0.509848485,0.535821573,0,0,4,6,11
555,"""NarcoFootage""",Discussion,1,0.029805327,0.047548291,0.002353633,0.00503026,0.008509573,0.51217656,0.537970287,0,0,0,3,2
556,"""enfj""",Lifestyle,1,0.030420205,0.038632987,0.001912327,0.002609413,0.005910418,0.509848485,0.535821573,0,0,4,6,11
557,"""Mafia""",Entertainment,1,0.029805327,0.047548291,0.002353633,0.00503026,0.008509573,0.51217656,0.537970287,0,0,0,3,2
558,"""xbox360""",Technology,1,0.029638104,0.092124814,0.004560165,0.015845069,0.022949492,0.524143302,0.549708819,0,0,3,2,8
559,"""hockey""",Entertainment,0.636363636,0.024670141,0.016344725,0.000882613,0.003830841,0.011243377,0.50411985,0.717026534,2.67E-05,4.42E-06,0,0,7
560,"""meme""",Humor,0.545214172,0.01714075,0.092124814,0.004780818,0.010498712,0.022541115,0.524143302,0.732053439,0.000857051,0.000457705,0,0,2
561,"""insomnia""",Lifestyle,1,0.031519132,0.020802377,0.001029715,0.003504275,0.0073802,0.505255255,0.531321782,0,0,4,6,11
562,"""antimaskers""",Lifestyle,1,0.029638104,0.092124814,0.004560165,0.015845069,0.022949492,0.524143302,0.549708819,0,0,3,2,8
563,"""engineering""",Educational,1,0.03196001,0.004457652,0.000220653,0.001611358,0.003409874,0.501116902,0.528009425,0,0,1,10,6
564,"""Jreg""",Entertainment,1,0.029500811,0.041604755,0.002059429,0.003862023,0.005940631,0.510622155,0.537998957,0,0,9,9,3
565,"""WhiteClaw""",Lifestyle,1,0.029655622,0.069836553,0.003456899,0.008216327,0.013435758,0.518090839,0.543837337,0,0,5,5,1
566,"""DiWHY""",Hobbies/Occupations,1,0.035021668,0.005943536,0.000294204,0.001797361,0.003787079,0.501490313,0.527871376,0,0,0,0,2
567,"""Sekiro""",Entertainment,1,0.029702278,0.053491828,0.002647838,0.008332376,0.010526862,0.513740458,0.539486832,0,0,8,4,9
568,"""printmaking""",Hobbies/Occupations,1,0.029850758,0.038632987,0.001912327,0.007117043,0.008763026,0.509848485,0.535537321,0,0,6,2,10
569,"""AskACanadian""",Discussion,1,0.029734867,0.135215453,0.006693145,0.100236933,0.080035792,0.53625498,0.555940724,0,0,1,1,4
570,"""EICERB""",Lifestyle,1,0.029655622,0.069836553,0.003456899,0.008216327,0.013435758,0.518090839,0.543837337,0,0,5,5,1
571,"""torontoraptors""",Entertainment,1,0.029734867,0.135215453,0.006693145,0.100236933,0.080035792,0.53625498,0.555940724,0,0,1,1,4
572,"""ABraThatFits""",Other,1,0.0341279,0.005943536,0.000294204,0.001687918,0.003639278,0.501490313,0.527940392,0,0,0,0,2
573,"""DecidingToBeBetter""",Lifestyle,1,0.029914855,0.035661218,0.001765225,0.004283411,0.00847427,0.509077156,0.535372342,0,0,10,8,7
574,"""obs""",Technology,1,0.029638104,0.092124814,0.004560165,0.015845069,0.022949492,0.524143302,0.549708819,0,0,3,2,8
575,"""Candida""",Lifestyle,1,0.030687123,0.023774146,0.001176817,0.005037608,0.008775502,0.506015038,0.532379548,0,0,0,0,7
576,"""KissAnime""",Entertainment,1,0.030314906,0.049034175,0.002427184,0.008532212,0.014245049,0.512566641,0.536628614,0,0,2,0,7
577,"""Rottweiler""",Animals,1,0.029501177,0.028231798,0.00139747,0.001985645,0.004115892,0.507159005,0.53450943,0,0,7,7,0
578,"""GuitarHero""",Entertainment,1,0.029655622,0.069836553,0.003456899,0.008216327,0.013435758,0.518090839,0.543837337,0,0,5,5,1
579,"""TameImpala""",Entertainment,1,0.031509483,0.014858841,0.00073551,0.003381151,0.00678209,0.503742515,0.530393583,0,0,0,4,7
580,"""TEFL""",Educational,1,0.029734867,0.135215453,0.006693145,0.100236933,0.080035792,0.53625498,0.555940724,0,0,1,1,4
581,"""AskReddit""",Discussion,0.244198677,0.0079914,0.367013373,0.020005884,0.118136625,0.152691744,0.612374886,1.029054412,0.031818501,0.018607087,0,0,8
582,"""mr2""",Hobbies/Occupations,1,0.038127172,0.011887073,0.000588408,0.003758911,0.007942524,0.502989537,0.528547374,0,0,2,0,7
583,"""CumHentai""",NSFW,1,0.029805327,0.047548291,0.002353633,0.00503026,0.008509573,0.51217656,0.537970287,0,0,0,3,2
584,"""darksouls""",Entertainment,1,0.029702278,0.053491828,0.002647838,0.008332376,0.010526862,0.513740458,0.539486832,0,0,8,4,9
585,"""JoyDivision""",Entertainment,1,0.031509483,0.014858841,0.00073551,0.003381151,0.00678209,0.503742515,0.530393583,0,0,0,4,7
586,"""iOSBeta""",Technology,1,0.029638104,0.092124814,0.004560165,0.015845069,0.022949492,0.524143302,0.549708819,0,0,3,2,8
587,"""impregnation""",NSFW,1,0.029805327,0.047548291,0.002353633,0.00503026,0.008509573,0.51217656,0.537970287,0,0,0,3,2
588,"""Eldenring""",Entertainment,1,0.029702278,0.053491828,0.002647838,0.008332376,0.010526862,0.513740458,0.539486832,0,0,8,4,9
589,"""rant""",Lifestyle,1,0.030685887,0.005943536,0.000294204,0.00161348,0.003444985,0.501490313,0.528424006,0,0,3,0,7
590,"""suicidebywords""",Other,1,0.029638104,0.092124814,0.004560165,0.015845069,0.022949492,0.524143302,0.549708819,0,0,3,2,8
591,"""askTO""",Discussion,0.802017895,0.025336001,0.153046062,0.008311268,0.101695021,0.096119443,0.541432019,0.834885605,0.000994965,0.000562513,2,1,4
592,"""NoFap""",Lifestyle,1,0.029655622,0.069836553,0.003456899,0.008216327,0.013435758,0.518090839,0.543837337,0,0,5,5,1
593,"""gameDevClassifieds""",Hobbies/Occupations,1,0.029702278,0.053491828,0.002647838,0.008332376,0.010526862,0.513740458,0.539486832,0,0,8,4,9
594,"""financialindependence""",Lifestyle,1,0.029734867,0.135215453,0.006693145,0.100236933,0.080035792,0.53625498,0.555940724,0,0,1,1,4
595,"""wallstreetbets""",Lifestyle,0.404761905,0.015507396,0.053491828,0.003236246,0.009675323,0.033474995,0.513740458,0.878033325,0.000447623,0.000211164,2,0,7
596,"""MedSchoolCanada""",Educational,1,0.029734867,0.135215453,0.006693145,0.100236933,0.080035792,0.53625498,0.555940724,0,0,1,1,4
597,"""futurehouse""",Entertainment,1,0.029655622,0.069836553,0.003456899,0.008216327,0.013435758,0.518090839,0.543837337,0,0,5,5,1
598,"""learnmath""",Educational,0.928774929,0.028333906,0.040118871,0.002059429,0.007134204,0.012039302,0.510235027,0.722414247,5.53E-05,3.54E-05,6,2,10
599,"""leafs""",Entertainment,1,0.031519132,0.020802377,0.001029715,0.003504275,0.0073802,0.505255255,0.531321782,0,0,4,6,11
600,"""csgo""",Entertainment,1,0.030559102,0.013372957,0.000661959,0.003015271,0.004737554,0.503365744,0.529741151,0,0,0,4,2
601,"""fasting""",Lifestyle,0.809116809,0.024899303,0.040118871,0.002059429,0.004409402,0.011999886,0.510235027,0.723190537,0.00011208,3.98E-05,0,8,7
602,"""Repsneakers""",Lifestyle,1,0.029655622,0.069836553,0.003456899,0.008216327,0.013435758,0.518090839,0.543837337,0,0,5,5,1
603,"""CostcoCanada""",Other,1,0.037238648,0.005943536,0.000294204,0.002902291,0.004940811,0.501490313,0.52798181,0,0,0,0,7
604,"""NetflixKingdom""",Entertainment,1,0.030920226,0.010401189,0.000514857,0.001850868,0.0039373,0.502613891,0.529324502,0,0,0,4,2
605,"""MovieDetails""",Entertainment,0.568979592,0.017670834,0.074294205,0.003824654,0.008466166,0.017120619,0.519290123,0.731046194,0.000662008,0.000508562,0,3,2
606,"""Residency""",Educational,1,0.029734867,0.135215453,0.006693145,0.100236933,0.080035792,0.53625498,0.555940724,0,0,1,1,4
607,"""halo""",Entertainment,1,0.029638104,0.092124814,0.004560165,0.015845069,0.022949492,0.524143302,0.549708819,0,0,3,2,8
608,"""UAE""",Other,1,0.029734867,0.135215453,0.006693145,0.100236933,0.080035792,0.53625498,0.555940724,0,0,1,1,4
609,"""mountaindew""",Lifestyle,1,0.029655622,0.069836553,0.003456899,0.008216327,0.013435758,0.518090839,0.543837337,0,0,5,5,1
610,"""JapaneseWatches""",Hobbies/Occupations,1,0.029871807,0.023774146,0.001176817,0.003445781,0.00548773,0.506015038,0.532535664,0,0,7,7,0
611,"""DoctorMike""",Entertainment,1,0.029638104,0.092124814,0.004560165,0.015845069,0.022949492,0.524143302,0.549708819,0,0,3,2,8
612,"""streetwear""",Lifestyle,1,0.029734867,0.135215453,0.006693145,0.100236933,0.080035792,0.53625498,0.555940724,0,0,1,1,4
613,"""UNBGBBIIVCHIDCTIICBG""",Other,1,0.029638104,0.092124814,0.004560165,0.015845069,0.022949492,0.524143302,0.549708819,0,0,3,2,8
614,"""GlobalOffensive""",Entertainment,1,0.030185346,0.023774146,0.001176817,0.005784868,0.007366716,0.506015038,0.532367162,0,0,1,10,6
615,"""options""",Lifestyle,1,0.031914858,0.019316493,0.000956164,0.004791244,0.008355734,0.504876219,0.530484166,0,0,2,0,7
616,"""bodybuilding""",Lifestyle,1,0.051368743,0.004457652,0.000220653,0.002963505,0.006000882,0.501116902,0.527814553,0,0,6,0,7
617,"""dannymullen""",Entertainment,1,0.029655622,0.069836553,0.003456899,0.008216327,0.013435758,0.518090839,0.543837337,0,0,5,5,1
618,"""askcarsales""",Discussion,0.831831832,0.027173367,0.054977712,0.003015593,0.008968536,0.021979386,0.514132926,0.724102685,8.43E-05,3.18E-05,2,0,7
619,"""shopify""",Other,1,0.029734867,0.135215453,0.006693145,0.100236933,0.080035792,0.53625498,0.555940724,0,0,1,1,4
620,"""AUTOMOBILISTA""",Entertainment,1,0.030314906,0.049034175,0.002427184,0.008532212,0.014245049,0.512566641,0.536628614,0,0,2,0,7
621,"""SAIT""",Educational,1,0.042697851,0.004457652,0.000220653,0.002731454,0.004501959,0.501116902,0.527585647,0,0,0,0,7
622,"""facepalm""",Entertainment,1,0.029850758,0.038632987,0.001912327,0.007117043,0.008763026,0.509848485,0.535537321,0,0,6,2,10
623,"""testimonials""",Hobbies/Occupations,1,0.030685887,0.005943536,0.000294204,0.001656136,0.003502627,0.501490313,0.528424006,0,0,5,5,1
624,"""Belgianmemes""",Humor,1,0.029500811,0.041604755,0.002059429,0.003862023,0.005940631,0.510622155,0.537998957,0,0,9,9,3
625,"""DerScheisser""",Other,1,0.029500811,0.041604755,0.002059429,0.003862023,0.005940631,0.510622155,0.537998957,0,0,9,9,3
626,"""ApplyingToCollege""",Educational,1,0.029734867,0.135215453,0.006693145,0.100236933,0.080035792,0.53625498,0.555940724,0,0,1,1,4
627,"""AlbertaHunting""",Hobbies/Occupations,1,0.033886918,0.005943536,0.000294204,0.001803526,0.003979775,0.501490313,0.528275867,0,0,2,0,7
628,"""AskEconomics""",Discussion,0.863862506,0.025862288,0.099554235,0.005001471,0.01609238,0.026608464,0.526192338,0.73624454,0.000568936,0.000424538,3,2,8
629,"""gainit""",Lifestyle,1,0.030804082,0.022288262,0.001103266,0.004843045,0.007024287,0.505634861,0.53121858,0,0,0,0,2
630,"""arabs""",Other,1,0.031026995,0.031203566,0.001544572,0.010236923,0.013310611,0.507924528,0.533497916,0,0,2,3,5
631,"""UofT""",Educational,0.674141876,0.021816464,0.170876672,0.009561636,0.103015806,0.10294577,0.546709992,0.8394852,0.001402763,0.001038645,1,1,4
632,"""uwo""",Educational,1,0.037122169,0.008915305,0.000441306,0.004215103,0.007264397,0.502238806,0.528495491,0,0,0,0,7
633,"""FreeKarma4You""",Other,1,0.030460263,0.03268945,0.001618123,0.009133354,0.011872416,0.508308157,0.533921164,0,0,0,1,2
634,"""soccer""",Entertainment,1,0.029638104,0.092124814,0.004560165,0.015845069,0.022949492,0.524143302,0.549708819,0,0,3,2,8
635,"""Python""",Educational,1,0.030185346,0.023774146,0.001176817,0.005784868,0.007366716,0.506015038,0.532367162,0,0,1,10,6
636,"""BatwomanTV""",Entertainment,1,0.029638104,0.092124814,0.004560165,0.015845069,0.022949492,0.524143302,0.549708819,0,0,3,2,8
637,"""dragonquest""",Entertainment,1,0.031432973,0.034175334,0.001691674,0.005621568,0.010238693,0.508692366,0.533216124,0,0,4,6,11
638,"""cannabiscultivation""",Lifestyle,1,0.031229323,0.023774146,0.001176817,0.006037712,0.009644018,0.506015038,0.532074396,0,0,2,0,7
639,"""corona""",Lifestyle,1,0.029734867,0.135215453,0.006693145,0.100236933,0.080035792,0.53625498,0.555940724,0,0,1,1,4
640,"""CasualConversation""",Discussion,1,0.029914855,0.035661218,0.001765225,0.004283411,0.00847427,0.509077156,0.535372342,0,0,10,8,7
641,"""NEWUOFCSTUDENTS""",Educational,0.782300224,0.023743276,0.154531947,0.007869962,0.101185117,0.091166543,0.541867955,0.832132814,0.001451638,0.000577107,2,0,4
642,"""HistoryMemes""",Humor,0.692436975,0.021327891,0.052005944,0.002647838,0.006041592,0.013752889,0.513348589,0.726312453,0.000291953,0.000110557,2,0,3
643,"""lisathepainfulrpg""",Entertainment,1,0.029501177,0.028231798,0.00139747,0.001985645,0.004115892,0.507159005,0.53450943,0,0,7,7,0
644,"""stocks""",Educational,1,0.031914858,0.019316493,0.000956164,0.004791244,0.008355734,0.504876219,0.530484166,0,0,2,0,7
645,"""TFABLinePorn""",Lifestyle,1,0.029914855,0.035661218,0.001765225,0.004283411,0.00847427,0.509077156,0.535372342,0,0,10,8,7
646,"""MbtiNSFW""",NSFW,1,0.030420205,0.038632987,0.001912327,0.002609413,0.005910418,0.509848485,0.535821573,0,0,4,6,11
647,"""YowamushiPedal""",Entertainment,1,0.030314906,0.049034175,0.002427184,0.008532212,0.014245049,0.512566641,0.536628614,0,0,2,0,7
648,"""SeikoMods""",Hobbies/Occupations,1,0.029871807,0.023774146,0.001176817,0.003445781,0.00548773,0.506015038,0.532535664,0,0,7,7,0
649,"""veterinaryprofession""",Hobbies/Occupations,1,0.029734867,0.135215453,0.006693145,0.100236933,0.080035792,0.53625498,0.555940724,0,0,1,1,4
650,"""RogueCompany""",Entertainment,1,0.031432973,0.034175334,0.001691674,0.005621568,0.010238693,0.508692366,0.533216124,0,0,4,6,11
651,"""buildapcforme""",Hobbies/Occupations,1,0.030314906,0.049034175,0.002427184,0.008532212,0.014245049,0.512566641,0.536628614,0,0,2,0,7
652,"""Gymshark""",Lifestyle,1,0.031313524,0.008915305,0.000441306,0.001709736,0.003723598,0.502238806,0.528922363,0,0,5,5,7
653,"""saab""",Hobbies/Occupations,1,0.030314906,0.049034175,0.002427184,0.008532212,0.014245049,0.512566641,0.536628614,0,0,2,0,7
654,"""personalfinance""",Lifestyle,1,0.029734867,0.135215453,0.006693145,0.100236933,0.080035792,0.53625498,0.555940724,0,0,1,1,4
655,"""AnimalCrossing""",Entertainment,1,0.030420205,0.038632987,0.001912327,0.002609413,0.005910418,0.509848485,0.535821573,0,0,4,6,11
656,"""raisedbynarcissists""",Discussion,1,0.031432973,0.034175334,0.001691674,0.005621568,0.010238693,0.508692366,0.533216124,0,0,4,6,11
657,"""playstation""",Entertainment,0.674418605,0.021684018,0.063893016,0.003383348,0.01020539,0.02238872,0.516500384,0.725552455,0.000279998,0.000119401,2,0,7
658,"""KRCJ""",Other,1,0.029500811,0.041604755,0.002059429,0.003862023,0.005940631,0.510622155,0.537998957,0,0,9,9,3
659,"""XboxSeriesXlS""",Entertainment,1,0.029638104,0.092124814,0.004560165,0.015845069,0.022949492,0.524143302,0.549708819,0,0,3,2,8
660,"""HotGirlSex""",Defunct,1,0.029805327,0.047548291,0.002353633,0.00503026,0.008509573,0.51217656,0.537970287,0,0,0,3,2
661,"""CoronavirusCanada""",Lifestyle,1,0.029734867,0.135215453,0.006693145,0.100236933,0.080035792,0.53625498,0.555940724,0,0,1,1,4
662,"""PokemonGoMystic""",Entertainment,1,0.030207662,0.029717682,0.001471021,0.005131465,0.008773211,0.507541478,0.533899986,0,0,0,3,2
663,"""Rainbow6""",Entertainment,1,0.029411765,0.004457652,0.000220653,0.001564971,0.003339044,0.501116902,0.528216634,0,0,0,0,7
664,"""NintendoSwitch""",Technology,1,0.031432973,0.034175334,0.001691674,0.005621568,0.010238693,0.508692366,0.533216124,0,0,4,6,11
665,"""ipl""",Entertainment,1,0.03078857,0.008915305,0.000441306,0.001933949,0.003911016,0.502238806,0.528977794,0,0,3,0,9
666,"""cemu""",Technology,1,0.031519132,0.020802377,0.001029715,0.003504275,0.0073802,0.505255255,0.531321782,0,0,4,6,11
667,"""CreamHeroes""",Entertainment,1,0.029500811,0.041604755,0.002059429,0.003862023,0.005940631,0.510622155,0.537998957,0,0,9,9,3
668,"""LSD""",Lifestyle,1,0.034321012,0.011887073,0.000588408,0.003215061,0.006737232,0.502989537,0.529093993,0,0,4,0,11
669,"""tarot""",Entertainment,1,0.031432973,0.034175334,0.001691674,0.005621568,0.010238693,0.508692366,0.533216124,0,0,4,6,11
670,"""activision""",Entertainment,1,0.029702278,0.053491828,0.002647838,0.008332376,0.010526862,0.513740458,0.539486832,0,0,8,4,9
671,"""intj""",Lifestyle,0.428571429,0.016181557,0.08320951,0.005222124,0.006692494,0.029430262,0.521705426,0.885217508,0.000816025,0.000635702,4,6,11
672,"""Baking""",Lifestyle,1,0.030687123,0.023774146,0.001176817,0.005037608,0.008775502,0.506015038,0.532379548,0,0,0,0,7
673,"""shoebots""",Technology,1,0.029655622,0.069836553,0.003456899,0.008216327,0.013435758,0.518090839,0.543837337,0,0,5,5,1